BUILD_ROOT=/var/folders/gs/xz_1j4vj0jl68656c_36tg6r0000gn/T/quad50-native-7q4pCl
vite v5.4.21 building for production...
transforming...
✓ 93 modules transformed.
rendering chunks...
[plugin vite:singlefile] 

[plugin vite:singlefile] Inlining: index-DQuCciiq.js
[plugin vite:singlefile] Inlining: style-BxNKY_2i.css
computing gzip size...
../../../../../../var/folders/gs/xz_1j4vj0jl68656c_36tg6r0000gn/T/quad50-native-7q4pCl/web/index.html  290.72 kB │ gzip: 90.52 kB
✓ built in 879ms
Command line invocation:
    /Applications/Xcode.app/Contents/Developer/usr/bin/xcodebuild -project /var/folders/gs/xz_1j4vj0jl68656c_36tg6r0000gn/T/quad50-native-7q4pCl/normal/QUADTest.xcodeproj -scheme QUADTest -sdk iphonesimulator -configuration Debug -derivedDataPath /var/folders/gs/xz_1j4vj0jl68656c_36tg6r0000gn/T/quad50-native-7q4pCl/DerivedNormal ARCHS=arm64 CODE_SIGNING_ALLOWED=NO PRODUCT_BUNDLE_IDENTIFIER=dev.quad.preview.basic50 COMPILER_INDEX_STORE_ENABLE=NO CLANG_MODULE_CACHE_PATH=/var/folders/gs/xz_1j4vj0jl68656c_36tg6r0000gn/T/quad50-native-7q4pCl/ModuleCache build

Build settings from command line:
    ARCHS = arm64
    CLANG_MODULE_CACHE_PATH = /var/folders/gs/xz_1j4vj0jl68656c_36tg6r0000gn/T/quad50-native-7q4pCl/ModuleCache
    CODE_SIGNING_ALLOWED = NO
    COMPILER_INDEX_STORE_ENABLE = NO
    PRODUCT_BUNDLE_IDENTIFIER = dev.quad.preview.basic50
    SDKROOT = iphonesimulator26.5

2026-09-13 01:37:06.906 xcodebuild[63962:1146225] [MT] IDERunDestination: Supported platforms for the buildables in the current scheme is empty.
--- xcodebuild: WARNING: Using the first of multiple matching destinations:
{ platform:iOS Simulator, id:dvtdevice-DVTiOSDeviceSimulatorPlaceholder-iphonesimulator:placeholder, name:Any iOS Simulator Device }
{ platform:iOS Simulator, arch:arm64, id:EAA7593F-1EF2-46CE-A0C7-02EA19D46F6C, OS:26.5, name:Puzzle Atelier QA iPhone 16 }
{ platform:iOS Simulator, arch:arm64, id:95B30CB4-4355-4E6F-BB51-50DC8534A662, OS:26.5, name:QUAD Basic50 QA }
{ platform:iOS Simulator, arch:arm64, id:F312478F-3937-4199-9FEB-20B32CB51E06, OS:26.5, name:iPad (A16) }
{ platform:iOS Simulator, arch:arm64, id:B4547865-36F5-448F-A37B-DAA11338256B, OS:26.5, name:iPad Air 11-inch (M4) }
{ platform:iOS Simulator, arch:arm64, id:8192A19B-EB48-453C-832B-04C1BEBDE0A5, OS:26.5, name:iPad Air 13-inch (M4) }
{ platform:iOS Simulator, arch:arm64, id:EFECDE82-8868-4715-B2A8-9A273B904BAA, OS:26.5, name:iPad Pro 11-inch (M5) }
{ platform:iOS Simulator, arch:arm64, id:B21DE2C4-77B3-44B9-B1CB-9D5AB2E65153, OS:26.5, name:iPad Pro 13-inch (M5) }
{ platform:iOS Simulator, arch:arm64, id:01EBC2C0-BECE-4AD6-A879-A8998A95D5BA, OS:26.5, name:iPad mini (A17 Pro) }
{ platform:iOS Simulator, arch:arm64, id:30C8769B-1470-43D2-91FC-A0A43F27CD5F, OS:26.5, name:iPhone 17 }
{ platform:iOS Simulator, arch:arm64, id:9EC9C01E-3AED-459B-A687-205292F07841, OS:26.5, name:iPhone 17 Pro }
{ platform:iOS Simulator, arch:arm64, id:821D6CE5-3DE3-4718-833A-3AC16ED8E647, OS:26.5, name:iPhone 17 Pro Max }
{ platform:iOS Simulator, arch:arm64, id:C93B199C-DE01-4002-B760-565EF39A106E, OS:26.5, name:iPhone 17e }
{ platform:iOS Simulator, arch:arm64, id:FC06034E-E812-44C9-B75A-35B9BFF28FEE, OS:26.5, name:iPhone Air }
{ platform:macOS, arch:arm64, variant:Designed for [iPad,iPhone], id:00008103-001218262153C01E, name:My Mac }
{ platform:iOS, id:dvtdevice-DVTiPhonePlaceholder-iphoneos:placeholder, name:Any iOS Device }
ComputePackagePrebuildTargetDependencyGraph

Prepare packages

CreateBuildRequest

SendProjectDescription

CreateBuildOperation

ComputeTargetDependencyGraph
note: Building targets in dependency order
note: Target dependency graph (1 target)
    Target 'QUADTest' in project 'QUADTest' (no dependencies)

GatherProvisioningInputs

CreateBuildDescription

ExecuteExternalTool /Applications/Xcode.app/Contents/Developer/Toolchains/XcodeDefault.xctoolchain/usr/bin/swiftc --version

ExecuteExternalTool /Applications/Xcode.app/Contents/Developer/Toolchains/XcodeDefault.xctoolchain/usr/bin/clang -v -E -dM -isysroot /Applications/Xcode.app/Contents/Developer/Platforms/iPhoneSimulator.platform/Developer/SDKs/iPhoneSimulator26.5.sdk -x c -c /dev/null

ExecuteExternalTool /Applications/Xcode.app/Contents/Developer/Toolchains/XcodeDefault.xctoolchain/usr/bin/ld -version_details

Build description signature: 1fe25a5d582373b50f1c833c6baa0c9f
Build description path: /var/folders/gs/xz_1j4vj0jl68656c_36tg6r0000gn/T/quad50-native-7q4pCl/DerivedNormal/Build/Intermediates.noindex/XCBuildData/1fe25a5d582373b50f1c833c6baa0c9f.xcbuilddata
CreateBuildDirectory /var/folders/gs/xz_1j4vj0jl68656c_36tg6r0000gn/T/quad50-native-7q4pCl/DerivedNormal/Build/Intermediates.noindex
    cd /var/folders/gs/xz_1j4vj0jl68656c_36tg6r0000gn/T/quad50-native-7q4pCl/normal/QUADTest.xcodeproj
    builtin-create-build-directory /var/folders/gs/xz_1j4vj0jl68656c_36tg6r0000gn/T/quad50-native-7q4pCl/DerivedNormal/Build/Intermediates.noindex

CreateBuildDirectory /var/folders/gs/xz_1j4vj0jl68656c_36tg6r0000gn/T/quad50-native-7q4pCl/DerivedNormal/Build/Products
    cd /var/folders/gs/xz_1j4vj0jl68656c_36tg6r0000gn/T/quad50-native-7q4pCl/normal/QUADTest.xcodeproj
    builtin-create-build-directory /var/folders/gs/xz_1j4vj0jl68656c_36tg6r0000gn/T/quad50-native-7q4pCl/DerivedNormal/Build/Products

ClangStatCache /Applications/Xcode.app/Contents/Developer/Toolchains/XcodeDefault.xctoolchain/usr/bin/clang-stat-cache /Applications/Xcode.app/Contents/Developer/Platforms/iPhoneSimulator.platform/Developer/SDKs/iPhoneSimulator26.5.sdk /var/folders/gs/xz_1j4vj0jl68656c_36tg6r0000gn/T/quad50-native-7q4pCl/DerivedNormal/SDKStatCaches.noindex/iphonesimulator26.5-23F81a-6cfe768891a92b912361537c460fe42b.sdkstatcache
    cd /var/folders/gs/xz_1j4vj0jl68656c_36tg6r0000gn/T/quad50-native-7q4pCl/normal/QUADTest.xcodeproj
    /Applications/Xcode.app/Contents/Developer/Toolchains/XcodeDefault.xctoolchain/usr/bin/clang-stat-cache /Applications/Xcode.app/Contents/Developer/Platforms/iPhoneSimulator.platform/Developer/SDKs/iPhoneSimulator26.5.sdk -o /var/folders/gs/xz_1j4vj0jl68656c_36tg6r0000gn/T/quad50-native-7q4pCl/DerivedNormal/SDKStatCaches.noindex/iphonesimulator26.5-23F81a-6cfe768891a92b912361537c460fe42b.sdkstatcache

CreateBuildDirectory /var/folders/gs/xz_1j4vj0jl68656c_36tg6r0000gn/T/quad50-native-7q4pCl/DerivedNormal/Build/Intermediates.noindex/SwiftExplicitPrecompiledModules
    cd /var/folders/gs/xz_1j4vj0jl68656c_36tg6r0000gn/T/quad50-native-7q4pCl/normal/QUADTest.xcodeproj
    builtin-create-build-directory /var/folders/gs/xz_1j4vj0jl68656c_36tg6r0000gn/T/quad50-native-7q4pCl/DerivedNormal/Build/Intermediates.noindex/SwiftExplicitPrecompiledModules

CreateBuildDirectory /var/folders/gs/xz_1j4vj0jl68656c_36tg6r0000gn/T/quad50-native-7q4pCl/DerivedNormal/Build/Intermediates.noindex/ExplicitPrecompiledModules
    cd /var/folders/gs/xz_1j4vj0jl68656c_36tg6r0000gn/T/quad50-native-7q4pCl/normal/QUADTest.xcodeproj
    builtin-create-build-directory /var/folders/gs/xz_1j4vj0jl68656c_36tg6r0000gn/T/quad50-native-7q4pCl/DerivedNormal/Build/Intermediates.noindex/ExplicitPrecompiledModules

CreateBuildDirectory /var/folders/gs/xz_1j4vj0jl68656c_36tg6r0000gn/T/quad50-native-7q4pCl/DerivedNormal/Build/Intermediates.noindex/EagerLinkingTBDs/Debug-iphonesimulator
    cd /var/folders/gs/xz_1j4vj0jl68656c_36tg6r0000gn/T/quad50-native-7q4pCl/normal/QUADTest.xcodeproj
    builtin-create-build-directory /var/folders/gs/xz_1j4vj0jl68656c_36tg6r0000gn/T/quad50-native-7q4pCl/DerivedNormal/Build/Intermediates.noindex/EagerLinkingTBDs/Debug-iphonesimulator

WriteAuxiliaryFile /var/folders/gs/xz_1j4vj0jl68656c_36tg6r0000gn/T/quad50-native-7q4pCl/DerivedNormal/Build/Intermediates.noindex/QUADTest.build/Debug-iphonesimulator/QUADTest-d44c8ec2d8a25b3c4f0c6c77eb0c1baf-VFS-iphonesimulator/all-product-headers.yaml
    cd /var/folders/gs/xz_1j4vj0jl68656c_36tg6r0000gn/T/quad50-native-7q4pCl/normal/QUADTest.xcodeproj
    write-file /var/folders/gs/xz_1j4vj0jl68656c_36tg6r0000gn/T/quad50-native-7q4pCl/DerivedNormal/Build/Intermediates.noindex/QUADTest.build/Debug-iphonesimulator/QUADTest-d44c8ec2d8a25b3c4f0c6c77eb0c1baf-VFS-iphonesimulator/all-product-headers.yaml

CreateBuildDirectory /var/folders/gs/xz_1j4vj0jl68656c_36tg6r0000gn/T/quad50-native-7q4pCl/DerivedNormal/Build/Products/Debug-iphonesimulator
    cd /var/folders/gs/xz_1j4vj0jl68656c_36tg6r0000gn/T/quad50-native-7q4pCl/normal/QUADTest.xcodeproj
    builtin-create-build-directory /var/folders/gs/xz_1j4vj0jl68656c_36tg6r0000gn/T/quad50-native-7q4pCl/DerivedNormal/Build/Products/Debug-iphonesimulator

WriteAuxiliaryFile /var/folders/gs/xz_1j4vj0jl68656c_36tg6r0000gn/T/quad50-native-7q4pCl/DerivedNormal/Build/Intermediates.noindex/QUADTest.build/Debug-iphonesimulator/QUADTest.build/QUADTest-generated-files.hmap (in target 'QUADTest' from project 'QUADTest')
    cd /var/folders/gs/xz_1j4vj0jl68656c_36tg6r0000gn/T/quad50-native-7q4pCl/normal
    write-file /var/folders/gs/xz_1j4vj0jl68656c_36tg6r0000gn/T/quad50-native-7q4pCl/DerivedNormal/Build/Intermediates.noindex/QUADTest.build/Debug-iphonesimulator/QUADTest.build/QUADTest-generated-files.hmap

WriteAuxiliaryFile /var/folders/gs/xz_1j4vj0jl68656c_36tg6r0000gn/T/quad50-native-7q4pCl/DerivedNormal/Build/Intermediates.noindex/QUADTest.build/Debug-iphonesimulator/QUADTest.build/QUADTest-project-headers.hmap (in target 'QUADTest' from project 'QUADTest')
    cd /var/folders/gs/xz_1j4vj0jl68656c_36tg6r0000gn/T/quad50-native-7q4pCl/normal
    write-file /var/folders/gs/xz_1j4vj0jl68656c_36tg6r0000gn/T/quad50-native-7q4pCl/DerivedNormal/Build/Intermediates.noindex/QUADTest.build/Debug-iphonesimulator/QUADTest.build/QUADTest-project-headers.hmap

WriteAuxiliaryFile /var/folders/gs/xz_1j4vj0jl68656c_36tg6r0000gn/T/quad50-native-7q4pCl/DerivedNormal/Build/Intermediates.noindex/QUADTest.build/Debug-iphonesimulator/QUADTest.build/QUADTest-all-target-headers.hmap (in target 'QUADTest' from project 'QUADTest')
    cd /var/folders/gs/xz_1j4vj0jl68656c_36tg6r0000gn/T/quad50-native-7q4pCl/normal
    write-file /var/folders/gs/xz_1j4vj0jl68656c_36tg6r0000gn/T/quad50-native-7q4pCl/DerivedNormal/Build/Intermediates.noindex/QUADTest.build/Debug-iphonesimulator/QUADTest.build/QUADTest-all-target-headers.hmap

WriteAuxiliaryFile /var/folders/gs/xz_1j4vj0jl68656c_36tg6r0000gn/T/quad50-native-7q4pCl/DerivedNormal/Build/Intermediates.noindex/QUADTest.build/Debug-iphonesimulator/QUADTest.build/QUADTest.hmap (in target 'QUADTest' from project 'QUADTest')
    cd /var/folders/gs/xz_1j4vj0jl68656c_36tg6r0000gn/T/quad50-native-7q4pCl/normal
    write-file /var/folders/gs/xz_1j4vj0jl68656c_36tg6r0000gn/T/quad50-native-7q4pCl/DerivedNormal/Build/Intermediates.noindex/QUADTest.build/Debug-iphonesimulator/QUADTest.build/QUADTest.hmap

WriteAuxiliaryFile /var/folders/gs/xz_1j4vj0jl68656c_36tg6r0000gn/T/quad50-native-7q4pCl/DerivedNormal/Build/Intermediates.noindex/QUADTest.build/Debug-iphonesimulator/QUADTest.build/QUADTest-own-target-headers.hmap (in target 'QUADTest' from project 'QUADTest')
    cd /var/folders/gs/xz_1j4vj0jl68656c_36tg6r0000gn/T/quad50-native-7q4pCl/normal
    write-file /var/folders/gs/xz_1j4vj0jl68656c_36tg6r0000gn/T/quad50-native-7q4pCl/DerivedNormal/Build/Intermediates.noindex/QUADTest.build/Debug-iphonesimulator/QUADTest.build/QUADTest-own-target-headers.hmap

WriteAuxiliaryFile /var/folders/gs/xz_1j4vj0jl68656c_36tg6r0000gn/T/quad50-native-7q4pCl/DerivedNormal/Build/Intermediates.noindex/QUADTest.build/Debug-iphonesimulator/QUADTest.build/QUADTest.DependencyMetadataFileList (in target 'QUADTest' from project 'QUADTest')
    cd /var/folders/gs/xz_1j4vj0jl68656c_36tg6r0000gn/T/quad50-native-7q4pCl/normal
    write-file /var/folders/gs/xz_1j4vj0jl68656c_36tg6r0000gn/T/quad50-native-7q4pCl/DerivedNormal/Build/Intermediates.noindex/QUADTest.build/Debug-iphonesimulator/QUADTest.build/QUADTest.DependencyMetadataFileList

WriteAuxiliaryFile /var/folders/gs/xz_1j4vj0jl68656c_36tg6r0000gn/T/quad50-native-7q4pCl/DerivedNormal/Build/Intermediates.noindex/QUADTest.build/Debug-iphonesimulator/QUADTest.build/QUADTest.DependencyStaticMetadataFileList (in target 'QUADTest' from project 'QUADTest')
    cd /var/folders/gs/xz_1j4vj0jl68656c_36tg6r0000gn/T/quad50-native-7q4pCl/normal
    write-file /var/folders/gs/xz_1j4vj0jl68656c_36tg6r0000gn/T/quad50-native-7q4pCl/DerivedNormal/Build/Intermediates.noindex/QUADTest.build/Debug-iphonesimulator/QUADTest.build/QUADTest.DependencyStaticMetadataFileList

WriteAuxiliaryFile /var/folders/gs/xz_1j4vj0jl68656c_36tg6r0000gn/T/quad50-native-7q4pCl/DerivedNormal/Build/Intermediates.noindex/QUADTest.build/Debug-iphonesimulator/QUADTest.build/QUADTest-all-non-framework-target-headers.hmap (in target 'QUADTest' from project 'QUADTest')
    cd /var/folders/gs/xz_1j4vj0jl68656c_36tg6r0000gn/T/quad50-native-7q4pCl/normal
    write-file /var/folders/gs/xz_1j4vj0jl68656c_36tg6r0000gn/T/quad50-native-7q4pCl/DerivedNormal/Build/Intermediates.noindex/QUADTest.build/Debug-iphonesimulator/QUADTest.build/QUADTest-all-non-framework-target-headers.hmap

WriteAuxiliaryFile /var/folders/gs/xz_1j4vj0jl68656c_36tg6r0000gn/T/quad50-native-7q4pCl/DerivedNormal/Build/Intermediates.noindex/QUADTest.build/Debug-iphonesimulator/QUADTest.build/Objects-normal/arm64/QUADTest_const_extract_protocols.json (in target 'QUADTest' from project 'QUADTest')
    cd /var/folders/gs/xz_1j4vj0jl68656c_36tg6r0000gn/T/quad50-native-7q4pCl/normal
    write-file /var/folders/gs/xz_1j4vj0jl68656c_36tg6r0000gn/T/quad50-native-7q4pCl/DerivedNormal/Build/Intermediates.noindex/QUADTest.build/Debug-iphonesimulator/QUADTest.build/Objects-normal/arm64/QUADTest_const_extract_protocols.json

WriteAuxiliaryFile /var/folders/gs/xz_1j4vj0jl68656c_36tg6r0000gn/T/quad50-native-7q4pCl/DerivedNormal/Build/Intermediates.noindex/QUADTest.build/Debug-iphonesimulator/QUADTest.build/Objects-normal/arm64/QUADTest.SwiftFileList (in target 'QUADTest' from project 'QUADTest')
    cd /var/folders/gs/xz_1j4vj0jl68656c_36tg6r0000gn/T/quad50-native-7q4pCl/normal
    write-file /var/folders/gs/xz_1j4vj0jl68656c_36tg6r0000gn/T/quad50-native-7q4pCl/DerivedNormal/Build/Intermediates.noindex/QUADTest.build/Debug-iphonesimulator/QUADTest.build/Objects-normal/arm64/QUADTest.SwiftFileList

WriteAuxiliaryFile /var/folders/gs/xz_1j4vj0jl68656c_36tg6r0000gn/T/quad50-native-7q4pCl/DerivedNormal/Build/Intermediates.noindex/QUADTest.build/Debug-iphonesimulator/QUADTest.build/Objects-normal/arm64/QUADTest.SwiftConstValuesFileList (in target 'QUADTest' from project 'QUADTest')
    cd /var/folders/gs/xz_1j4vj0jl68656c_36tg6r0000gn/T/quad50-native-7q4pCl/normal
    write-file /var/folders/gs/xz_1j4vj0jl68656c_36tg6r0000gn/T/quad50-native-7q4pCl/DerivedNormal/Build/Intermediates.noindex/QUADTest.build/Debug-iphonesimulator/QUADTest.build/Objects-normal/arm64/QUADTest.SwiftConstValuesFileList

WriteAuxiliaryFile /var/folders/gs/xz_1j4vj0jl68656c_36tg6r0000gn/T/quad50-native-7q4pCl/DerivedNormal/Build/Intermediates.noindex/QUADTest.build/Debug-iphonesimulator/QUADTest.build/Objects-normal/arm64/QUADTest.LinkFileList (in target 'QUADTest' from project 'QUADTest')
    cd /var/folders/gs/xz_1j4vj0jl68656c_36tg6r0000gn/T/quad50-native-7q4pCl/normal
    write-file /var/folders/gs/xz_1j4vj0jl68656c_36tg6r0000gn/T/quad50-native-7q4pCl/DerivedNormal/Build/Intermediates.noindex/QUADTest.build/Debug-iphonesimulator/QUADTest.build/Objects-normal/arm64/QUADTest.LinkFileList

WriteAuxiliaryFile /var/folders/gs/xz_1j4vj0jl68656c_36tg6r0000gn/T/quad50-native-7q4pCl/DerivedNormal/Build/Intermediates.noindex/QUADTest.build/Debug-iphonesimulator/QUADTest.build/Objects-normal/arm64/QUADTest-OutputFileMap.json (in target 'QUADTest' from project 'QUADTest')
    cd /var/folders/gs/xz_1j4vj0jl68656c_36tg6r0000gn/T/quad50-native-7q4pCl/normal
    write-file /var/folders/gs/xz_1j4vj0jl68656c_36tg6r0000gn/T/quad50-native-7q4pCl/DerivedNormal/Build/Intermediates.noindex/QUADTest.build/Debug-iphonesimulator/QUADTest.build/Objects-normal/arm64/QUADTest-OutputFileMap.json

MkDir /var/folders/gs/xz_1j4vj0jl68656c_36tg6r0000gn/T/quad50-native-7q4pCl/DerivedNormal/Build/Products/Debug-iphonesimulator/QUADTest.app (in target 'QUADTest' from project 'QUADTest')
    cd /var/folders/gs/xz_1j4vj0jl68656c_36tg6r0000gn/T/quad50-native-7q4pCl/normal
    /bin/mkdir -p /var/folders/gs/xz_1j4vj0jl68656c_36tg6r0000gn/T/quad50-native-7q4pCl/DerivedNormal/Build/Products/Debug-iphonesimulator/QUADTest.app

ProcessInfoPlistFile /var/folders/gs/xz_1j4vj0jl68656c_36tg6r0000gn/T/quad50-native-7q4pCl/DerivedNormal/Build/Products/Debug-iphonesimulator/QUADTest.app/Info.plist /var/folders/gs/xz_1j4vj0jl68656c_36tg6r0000gn/T/quad50-native-7q4pCl/normal/Info.plist (in target 'QUADTest' from project 'QUADTest')
    cd /var/folders/gs/xz_1j4vj0jl68656c_36tg6r0000gn/T/quad50-native-7q4pCl/normal
    builtin-infoPlistUtility /var/folders/gs/xz_1j4vj0jl68656c_36tg6r0000gn/T/quad50-native-7q4pCl/normal/Info.plist -producttype com.apple.product-type.application -genpkginfo /var/folders/gs/xz_1j4vj0jl68656c_36tg6r0000gn/T/quad50-native-7q4pCl/DerivedNormal/Build/Products/Debug-iphonesimulator/QUADTest.app/PkgInfo -expandbuildsettings -format binary -platform iphonesimulator -o /var/folders/gs/xz_1j4vj0jl68656c_36tg6r0000gn/T/quad50-native-7q4pCl/DerivedNormal/Build/Products/Debug-iphonesimulator/QUADTest.app/Info.plist

CpResource /var/folders/gs/xz_1j4vj0jl68656c_36tg6r0000gn/T/quad50-native-7q4pCl/DerivedNormal/Build/Products/Debug-iphonesimulator/QUADTest.app/Web /var/folders/gs/xz_1j4vj0jl68656c_36tg6r0000gn/T/quad50-native-7q4pCl/normal/Web (in target 'QUADTest' from project 'QUADTest')
    cd /var/folders/gs/xz_1j4vj0jl68656c_36tg6r0000gn/T/quad50-native-7q4pCl/normal
    builtin-copy -exclude .DS_Store -exclude CVS -exclude .svn -exclude .git -exclude .hg -strip-unsigned-binaries -strip-deterministic -strip-tool /Applications/Xcode.app/Contents/Developer/Toolchains/XcodeDefault.xctoolchain/usr/bin/strip -resolve-src-symlinks /var/folders/gs/xz_1j4vj0jl68656c_36tg6r0000gn/T/quad50-native-7q4pCl/normal/Web /var/folders/gs/xz_1j4vj0jl68656c_36tg6r0000gn/T/quad50-native-7q4pCl/DerivedNormal/Build/Products/Debug-iphonesimulator/QUADTest.app

SwiftDriver QUADTest normal arm64 com.apple.xcode.tools.swift.compiler (in target 'QUADTest' from project 'QUADTest')
    cd /var/folders/gs/xz_1j4vj0jl68656c_36tg6r0000gn/T/quad50-native-7q4pCl/normal
    builtin-SwiftDriver -- /Applications/Xcode.app/Contents/Developer/Toolchains/XcodeDefault.xctoolchain/usr/bin/swiftc -module-name QUADTest -O @/var/folders/gs/xz_1j4vj0jl68656c_36tg6r0000gn/T/quad50-native-7q4pCl/DerivedNormal/Build/Intermediates.noindex/QUADTest.build/Debug-iphonesimulator/QUADTest.build/Objects-normal/arm64/QUADTest.SwiftFileList -enable-bare-slash-regex -enable-experimental-feature DebugDescriptionMacro -sdk /Applications/Xcode.app/Contents/Developer/Platforms/iPhoneSimulator.platform/Developer/SDKs/iPhoneSimulator26.5.sdk -target arm64-apple-ios16.4-simulator -g -module-cache-path /var/folders/gs/xz_1j4vj0jl68656c_36tg6r0000gn/T/quad50-native-7q4pCl/ModuleCache -Xfrontend -serialize-debugging-options -swift-version 5 -I /var/folders/gs/xz_1j4vj0jl68656c_36tg6r0000gn/T/quad50-native-7q4pCl/DerivedNormal/Build/Products/Debug-iphonesimulator -F /var/folders/gs/xz_1j4vj0jl68656c_36tg6r0000gn/T/quad50-native-7q4pCl/DerivedNormal/Build/Products/Debug-iphonesimulator -parse-as-library -c -j8 -enable-batch-mode -incremental -Xcc -ivfsstatcache -Xcc /var/folders/gs/xz_1j4vj0jl68656c_36tg6r0000gn/T/quad50-native-7q4pCl/DerivedNormal/SDKStatCaches.noindex/iphonesimulator26.5-23F81a-6cfe768891a92b912361537c460fe42b.sdkstatcache -output-file-map /var/folders/gs/xz_1j4vj0jl68656c_36tg6r0000gn/T/quad50-native-7q4pCl/DerivedNormal/Build/Intermediates.noindex/QUADTest.build/Debug-iphonesimulator/QUADTest.build/Objects-normal/arm64/QUADTest-OutputFileMap.json -use-frontend-parseable-output -save-temps -no-color-diagnostics -explicit-module-build -module-cache-path /var/folders/gs/xz_1j4vj0jl68656c_36tg6r0000gn/T/quad50-native-7q4pCl/DerivedNormal/Build/Intermediates.noindex/SwiftExplicitPrecompiledModules -clang-scanner-module-cache-path /var/folders/gs/xz_1j4vj0jl68656c_36tg6r0000gn/T/quad50-native-7q4pCl/DerivedNormal/ModuleCache.noindex -sdk-module-cache-path /var/folders/gs/xz_1j4vj0jl68656c_36tg6r0000gn/T/quad50-native-7q4pCl/DerivedNormal/ModuleCache.noindex -serialize-diagnostics -emit-dependencies -emit-module -emit-module-path /var/folders/gs/xz_1j4vj0jl68656c_36tg6r0000gn/T/quad50-native-7q4pCl/DerivedNormal/Build/Intermediates.noindex/QUADTest.build/Debug-iphonesimulator/QUADTest.build/Objects-normal/arm64/QUADTest.swiftmodule -validate-clang-modules-once -clang-build-session-file /var/folders/gs/xz_1j4vj0jl68656c_36tg6r0000gn/T/quad50-native-7q4pCl/DerivedNormal/ModuleCache.noindex/Session.modulevalidation -Xcc -I/var/folders/gs/xz_1j4vj0jl68656c_36tg6r0000gn/T/quad50-native-7q4pCl/DerivedNormal/Build/Intermediates.noindex/QUADTest.build/Debug-iphonesimulator/QUADTest.build/swift-overrides.hmap -emit-const-values -Xfrontend -const-gather-protocols-file -Xfrontend /var/folders/gs/xz_1j4vj0jl68656c_36tg6r0000gn/T/quad50-native-7q4pCl/DerivedNormal/Build/Intermediates.noindex/QUADTest.build/Debug-iphonesimulator/QUADTest.build/Objects-normal/arm64/QUADTest_const_extract_protocols.json -Xcc -iquote -Xcc /var/folders/gs/xz_1j4vj0jl68656c_36tg6r0000gn/T/quad50-native-7q4pCl/DerivedNormal/Build/Intermediates.noindex/QUADTest.build/Debug-iphonesimulator/QUADTest.build/QUADTest-generated-files.hmap -Xcc -I/var/folders/gs/xz_1j4vj0jl68656c_36tg6r0000gn/T/quad50-native-7q4pCl/DerivedNormal/Build/Intermediates.noindex/QUADTest.build/Debug-iphonesimulator/QUADTest.build/QUADTest-own-target-headers.hmap -Xcc -I/var/folders/gs/xz_1j4vj0jl68656c_36tg6r0000gn/T/quad50-native-7q4pCl/DerivedNormal/Build/Intermediates.noindex/QUADTest.build/Debug-iphonesimulator/QUADTest.build/QUADTest-all-target-headers.hmap -Xcc -iquote -Xcc /var/folders/gs/xz_1j4vj0jl68656c_36tg6r0000gn/T/quad50-native-7q4pCl/DerivedNormal/Build/Intermediates.noindex/QUADTest.build/Debug-iphonesimulator/QUADTest.build/QUADTest-project-headers.hmap -Xcc -I/var/folders/gs/xz_1j4vj0jl68656c_36tg6r0000gn/T/quad50-native-7q4pCl/DerivedNormal/Build/Products/Debug-iphonesimulator/include -Xcc -I/var/folders/gs/xz_1j4vj0jl68656c_36tg6r0000gn/T/quad50-native-7q4pCl/DerivedNormal/Build/Intermediates.noindex/QUADTest.build/Debug-iphonesimulator/QUADTest.build/DerivedSources-normal/arm64 -Xcc -I/var/folders/gs/xz_1j4vj0jl68656c_36tg6r0000gn/T/quad50-native-7q4pCl/DerivedNormal/Build/Intermediates.noindex/QUADTest.build/Debug-iphonesimulator/QUADTest.build/DerivedSources/arm64 -Xcc -I/var/folders/gs/xz_1j4vj0jl68656c_36tg6r0000gn/T/quad50-native-7q4pCl/DerivedNormal/Build/Intermediates.noindex/QUADTest.build/Debug-iphonesimulator/QUADTest.build/DerivedSources -emit-objc-header -emit-objc-header-path /var/folders/gs/xz_1j4vj0jl68656c_36tg6r0000gn/T/quad50-native-7q4pCl/DerivedNormal/Build/Intermediates.noindex/QUADTest.build/Debug-iphonesimulator/QUADTest.build/Objects-normal/arm64/QUADTest-Swift.h -working-directory /var/folders/gs/xz_1j4vj0jl68656c_36tg6r0000gn/T/quad50-native-7q4pCl/normal -experimental-emit-module-separately -disable-cmo

SwiftExplicitDependencyGeneratePcm arm64 /var/folders/gs/xz_1j4vj0jl68656c_36tg6r0000gn/T/quad50-native-7q4pCl/DerivedNormal/ModuleCache.noindex/ptrauth-4YUZ8CABHM7BHBPPJ7Q8U61JU.pcm

SwiftExplicitDependencyGeneratePcm arm64 /var/folders/gs/xz_1j4vj0jl68656c_36tg6r0000gn/T/quad50-native-7q4pCl/DerivedNormal/ModuleCache.noindex/_Builtin_stdbool-6GM8VT8QXO1C95X44KXLZ75FG.pcm

SwiftExplicitDependencyGeneratePcm arm64 /var/folders/gs/xz_1j4vj0jl68656c_36tg6r0000gn/T/quad50-native-7q4pCl/DerivedNormal/ModuleCache.noindex/ptrcheck-EEAL3PV4G3Q1913T3Q5X49533.pcm

SwiftExplicitDependencyGeneratePcm arm64 /var/folders/gs/xz_1j4vj0jl68656c_36tg6r0000gn/T/quad50-native-7q4pCl/DerivedNormal/ModuleCache.noindex/_AvailabilityInternal-3ZAF6T275VS7RXQL7F7ZDW0G4.pcm

SwiftExplicitDependencyGeneratePcm arm64 /var/folders/gs/xz_1j4vj0jl68656c_36tg6r0000gn/T/quad50-native-7q4pCl/DerivedNormal/ModuleCache.noindex/DeveloperToolsSupport-DBFU5SBALKJ2WP4ALH7IBLT42.pcm

SwiftExplicitDependencyGeneratePcm arm64 /var/folders/gs/xz_1j4vj0jl68656c_36tg6r0000gn/T/quad50-native-7q4pCl/DerivedNormal/ModuleCache.noindex/SwiftShims-6NV77QDZZESQ6155CL7W1EMBC.pcm

SwiftExplicitDependencyGeneratePcm arm64 /var/folders/gs/xz_1j4vj0jl68656c_36tg6r0000gn/T/quad50-native-7q4pCl/DerivedNormal/ModuleCache.noindex/_SwiftConcurrencyShims-CPGSURTDKLXZFBVITY58C0A0O.pcm

SwiftExplicitDependencyGeneratePcm arm64 /var/folders/gs/xz_1j4vj0jl68656c_36tg6r0000gn/T/quad50-native-7q4pCl/DerivedNormal/ModuleCache.noindex/_Builtin_stddef-6QBQW51V9CDDNWEA2Q9J12OP4.pcm

SwiftExplicitDependencyGeneratePcm arm64 /var/folders/gs/xz_1j4vj0jl68656c_36tg6r0000gn/T/quad50-native-7q4pCl/DerivedNormal/ModuleCache.noindex/_Builtin_float-JGVV3BSFIQYGU68G7TS68GYY.pcm

SwiftExplicitDependencyGeneratePcm arm64 /var/folders/gs/xz_1j4vj0jl68656c_36tg6r0000gn/T/quad50-native-7q4pCl/DerivedNormal/ModuleCache.noindex/_Builtin_stdarg-AKWLXZCHQAYYLE9MM6UTJOUDQ.pcm

SwiftExplicitDependencyGeneratePcm arm64 /var/folders/gs/xz_1j4vj0jl68656c_36tg6r0000gn/T/quad50-native-7q4pCl/DerivedNormal/ModuleCache.noindex/_DarwinFoundation1-2VDMWD0TJLDF17ZT5TAM2HII6.pcm

SwiftExplicitDependencyGeneratePcm arm64 /var/folders/gs/xz_1j4vj0jl68656c_36tg6r0000gn/T/quad50-native-7q4pCl/DerivedNormal/ModuleCache.noindex/_DarwinFoundation2-9VBP4IONOUG69Q1SY01EVDWXG.pcm

SwiftExplicitDependencyGeneratePcm arm64 /var/folders/gs/xz_1j4vj0jl68656c_36tg6r0000gn/T/quad50-native-7q4pCl/DerivedNormal/ModuleCache.noindex/_Builtin_limits-2CKMDBDY0WMMIY7M4AJJKBPPC.pcm

SwiftExplicitDependencyGeneratePcm arm64 /var/folders/gs/xz_1j4vj0jl68656c_36tg6r0000gn/T/quad50-native-7q4pCl/DerivedNormal/ModuleCache.noindex/sys_types-7BM7294V0Z90TCFVRY5BUGPR4.pcm

SwiftExplicitDependencyGeneratePcm arm64 /var/folders/gs/xz_1j4vj0jl68656c_36tg6r0000gn/T/quad50-native-7q4pCl/DerivedNormal/ModuleCache.noindex/_Builtin_stdint-C5YI2LJUQWHNZRI09KKSPRBRZ.pcm

SwiftExplicitDependencyGeneratePcm arm64 /var/folders/gs/xz_1j4vj0jl68656c_36tg6r0000gn/T/quad50-native-7q4pCl/DerivedNormal/ModuleCache.noindex/_Builtin_tgmath-4VIVY0UR4WX54ZS1RF62ZPZGX.pcm

SwiftExplicitDependencyGeneratePcm arm64 /var/folders/gs/xz_1j4vj0jl68656c_36tg6r0000gn/T/quad50-native-7q4pCl/DerivedNormal/ModuleCache.noindex/_DarwinFoundation3-ARL0EG4XCOWF5N5QOJ0WXPZYK.pcm

SwiftExplicitDependencyGeneratePcm arm64 /var/folders/gs/xz_1j4vj0jl68656c_36tg6r0000gn/T/quad50-native-7q4pCl/DerivedNormal/ModuleCache.noindex/_Builtin_intrinsics-5K82XX5LR8CKR8EH826A2PTR5.pcm

SwiftExplicitDependencyGeneratePcm arm64 /var/folders/gs/xz_1j4vj0jl68656c_36tg6r0000gn/T/quad50-native-7q4pCl/DerivedNormal/ModuleCache.noindex/_Builtin_stdatomic-DMRFO55IVIA7QAPO5KMDJ1BEW.pcm

SwiftExplicitDependencyGeneratePcm arm64 /var/folders/gs/xz_1j4vj0jl68656c_36tg6r0000gn/T/quad50-native-7q4pCl/DerivedNormal/ModuleCache.noindex/_Builtin_inttypes-44BT2EOQ8DAXHBDGCX9XFW7QO.pcm

SwiftExplicitDependencyGeneratePcm arm64 /var/folders/gs/xz_1j4vj0jl68656c_36tg6r0000gn/T/quad50-native-7q4pCl/DerivedNormal/ModuleCache.noindex/Darwin-8EM64YEHQ4QBTHSP12J3CVMON.pcm

SwiftExplicitDependencyGeneratePcm arm64 /var/folders/gs/xz_1j4vj0jl68656c_36tg6r0000gn/T/quad50-native-7q4pCl/DerivedNormal/ModuleCache.noindex/simd-9PTT2XC0CO7YJUWCYOT3BQEEL.pcm

SwiftExplicitDependencyGeneratePcm arm64 /var/folders/gs/xz_1j4vj0jl68656c_36tg6r0000gn/T/quad50-native-7q4pCl/DerivedNormal/ModuleCache.noindex/MachO-6VTIOZQ31QOLUAHTGOTV4MG0F.pcm

SwiftExplicitDependencyGeneratePcm arm64 /var/folders/gs/xz_1j4vj0jl68656c_36tg6r0000gn/T/quad50-native-7q4pCl/DerivedNormal/ModuleCache.noindex/ObjectiveC-B85WQDWJ1DUK6C07SN7J9LGY.pcm

SwiftExplicitDependencyGeneratePcm arm64 /var/folders/gs/xz_1j4vj0jl68656c_36tg6r0000gn/T/quad50-native-7q4pCl/DerivedNormal/ModuleCache.noindex/os_object-70EKUVNA1WE9UIV15L7ZRV8U8.pcm

SwiftExplicitDependencyGeneratePcm arm64 /var/folders/gs/xz_1j4vj0jl68656c_36tg6r0000gn/T/quad50-native-7q4pCl/DerivedNormal/ModuleCache.noindex/os_workgroup-9ILSLBQO7DW69NGR0N73E7VO9.pcm

SwiftExplicitDependencyGeneratePcm arm64 /var/folders/gs/xz_1j4vj0jl68656c_36tg6r0000gn/T/quad50-native-7q4pCl/DerivedNormal/ModuleCache.noindex/Spatial-6U5696WG1UM8YLR5HRQBJ0WSU.pcm

SwiftExplicitDependencyGeneratePcm arm64 /var/folders/gs/xz_1j4vj0jl68656c_36tg6r0000gn/T/quad50-native-7q4pCl/DerivedNormal/ModuleCache.noindex/Dispatch-A1QE9BU8Y5MH2HAN8WU3DFK9Z.pcm

SwiftExplicitDependencyGeneratePcm arm64 /var/folders/gs/xz_1j4vj0jl68656c_36tg6r0000gn/T/quad50-native-7q4pCl/DerivedNormal/ModuleCache.noindex/XPC-78WC50Z62V1BR0PX06YW524CB.pcm

SwiftExplicitDependencyGeneratePcm arm64 /var/folders/gs/xz_1j4vj0jl68656c_36tg6r0000gn/T/quad50-native-7q4pCl/DerivedNormal/ModuleCache.noindex/dnssd-A6OTJWXM9Z90AXAHQXY048H8F.pcm

SwiftExplicitDependencyGeneratePcm arm64 /var/folders/gs/xz_1j4vj0jl68656c_36tg6r0000gn/T/quad50-native-7q4pCl/DerivedNormal/ModuleCache.noindex/CoreFoundation-45O0363FZ7M0NMV1Y3BF5LPMH.pcm

SwiftExplicitDependencyGeneratePcm arm64 /var/folders/gs/xz_1j4vj0jl68656c_36tg6r0000gn/T/quad50-native-7q4pCl/DerivedNormal/ModuleCache.noindex/os-LSB6A7MUM847KJKDGFV9P8IM.pcm

SwiftExplicitDependencyGeneratePcm arm64 /var/folders/gs/xz_1j4vj0jl68656c_36tg6r0000gn/T/quad50-native-7q4pCl/DerivedNormal/ModuleCache.noindex/CoreGraphics-2ZBS8N0SPUYA8I1T23Q77YC5A.pcm

SwiftExplicitDependencyGeneratePcm arm64 /var/folders/gs/xz_1j4vj0jl68656c_36tg6r0000gn/T/quad50-native-7q4pCl/DerivedNormal/ModuleCache.noindex/Security-4HD5B6N12SYHYAV8FR6EI2KR3.pcm

SwiftExplicitDependencyGeneratePcm arm64 /var/folders/gs/xz_1j4vj0jl68656c_36tg6r0000gn/T/quad50-native-7q4pCl/DerivedNormal/ModuleCache.noindex/CFNetwork-7MS8N5OMED77NEIM9D88FP521.pcm

SwiftExplicitDependencyGeneratePcm arm64 /var/folders/gs/xz_1j4vj0jl68656c_36tg6r0000gn/T/quad50-native-7q4pCl/DerivedNormal/ModuleCache.noindex/Foundation-2V596HT5MFWJI6JCO6BISDMGJ.pcm

SwiftExplicitDependencyGeneratePcm arm64 /var/folders/gs/xz_1j4vj0jl68656c_36tg6r0000gn/T/quad50-native-7q4pCl/DerivedNormal/ModuleCache.noindex/ImageIO-795QKR71XFJ4V84UJCT6OLDER.pcm

SwiftExplicitDependencyGeneratePcm arm64 /var/folders/gs/xz_1j4vj0jl68656c_36tg6r0000gn/T/quad50-native-7q4pCl/DerivedNormal/ModuleCache.noindex/CoreText-74Z263P4M1US8W618V8H45GB8.pcm

SwiftExplicitDependencyGeneratePcm arm64 /var/folders/gs/xz_1j4vj0jl68656c_36tg6r0000gn/T/quad50-native-7q4pCl/DerivedNormal/ModuleCache.noindex/IOSurface-9W2PD25ZFTWG5KZGG30YWV220.pcm

SwiftExplicitDependencyGeneratePcm arm64 /var/folders/gs/xz_1j4vj0jl68656c_36tg6r0000gn/T/quad50-native-7q4pCl/DerivedNormal/ModuleCache.noindex/UserNotifications-1AG4L91MVD54H4NUL2903HI81.pcm

SwiftExplicitDependencyGeneratePcm arm64 /var/folders/gs/xz_1j4vj0jl68656c_36tg6r0000gn/T/quad50-native-7q4pCl/DerivedNormal/ModuleCache.noindex/UIUtilities-9I39MPVCGDJ0HZ0M9TWRPUBVE.pcm

SwiftExplicitDependencyGeneratePcm arm64 /var/folders/gs/xz_1j4vj0jl68656c_36tg6r0000gn/T/quad50-native-7q4pCl/DerivedNormal/ModuleCache.noindex/UniformTypeIdentifiers-84V0NEJZ92OGTSA7EXIN6KOLE.pcm

SwiftExplicitDependencyGeneratePcm arm64 /var/folders/gs/xz_1j4vj0jl68656c_36tg6r0000gn/T/quad50-native-7q4pCl/DerivedNormal/ModuleCache.noindex/OSLog-DB8LRZTSLD3TNAZ0QE1IR43PK.pcm

SwiftExplicitDependencyGeneratePcm arm64 /var/folders/gs/xz_1j4vj0jl68656c_36tg6r0000gn/T/quad50-native-7q4pCl/DerivedNormal/ModuleCache.noindex/Symbols-5NRX5SXEJ1TQD3D313JLZZ1NS.pcm

SwiftExplicitDependencyGeneratePcm arm64 /var/folders/gs/xz_1j4vj0jl68656c_36tg6r0000gn/T/quad50-native-7q4pCl/DerivedNormal/ModuleCache.noindex/OpenGLES-4UWWZZLUP4BGXIRI9634HOFNU.pcm

SwiftExplicitDependencyGeneratePcm arm64 /var/folders/gs/xz_1j4vj0jl68656c_36tg6r0000gn/T/quad50-native-7q4pCl/DerivedNormal/ModuleCache.noindex/FileProvider-62R3I88MG07OA6SJ0NFLRGUL0.pcm

SwiftExplicitDependencyGeneratePcm arm64 /var/folders/gs/xz_1j4vj0jl68656c_36tg6r0000gn/T/quad50-native-7q4pCl/DerivedNormal/ModuleCache.noindex/Network-BNVDGF53Y6MUNSCELII1KMEEJ.pcm

SwiftExplicitDependencyGeneratePcm arm64 /var/folders/gs/xz_1j4vj0jl68656c_36tg6r0000gn/T/quad50-native-7q4pCl/DerivedNormal/ModuleCache.noindex/DataDetection-1JXMUURQLT6V2DKBZPQBQ5KYC.pcm

SwiftExplicitDependencyGeneratePcm arm64 /var/folders/gs/xz_1j4vj0jl68656c_36tg6r0000gn/T/quad50-native-7q4pCl/DerivedNormal/ModuleCache.noindex/CoreTransferable-6Z2VLE1YNIIYMF7XRMHL0S1M2.pcm

SwiftExplicitDependencyGeneratePcm arm64 /var/folders/gs/xz_1j4vj0jl68656c_36tg6r0000gn/T/quad50-native-7q4pCl/DerivedNormal/ModuleCache.noindex/Accessibility-3UUTOVIWTIYTU13VHCVYL0CMF.pcm

SwiftExplicitDependencyGeneratePcm arm64 /var/folders/gs/xz_1j4vj0jl68656c_36tg6r0000gn/T/quad50-native-7q4pCl/DerivedNormal/ModuleCache.noindex/Metal-9HUUNIZDQXX2P04G7P9QY8AYM.pcm

SwiftExplicitDependencyGeneratePcm arm64 /var/folders/gs/xz_1j4vj0jl68656c_36tg6r0000gn/T/quad50-native-7q4pCl/DerivedNormal/ModuleCache.noindex/CoreVideo-58IXPGGQJAN0F7EIK9PY1YXQ7.pcm

SwiftExplicitDependencyGeneratePcm arm64 /var/folders/gs/xz_1j4vj0jl68656c_36tg6r0000gn/T/quad50-native-7q4pCl/DerivedNormal/ModuleCache.noindex/QuartzCore-4YW97JP70S34F9KETX55UCI2T.pcm

SwiftExplicitDependencyGeneratePcm arm64 /var/folders/gs/xz_1j4vj0jl68656c_36tg6r0000gn/T/quad50-native-7q4pCl/DerivedNormal/ModuleCache.noindex/CoreImage-40RNR5ZWE83VZLS529YEN2ZK6.pcm

SwiftExplicitDependencyGeneratePcm arm64 /var/folders/gs/xz_1j4vj0jl68656c_36tg6r0000gn/T/quad50-native-7q4pCl/DerivedNormal/ModuleCache.noindex/SwiftUICore-85ETIA02GFX73XOIF3ZMPH3WO.pcm

SwiftExplicitDependencyGeneratePcm arm64 /var/folders/gs/xz_1j4vj0jl68656c_36tg6r0000gn/T/quad50-native-7q4pCl/DerivedNormal/ModuleCache.noindex/UIKit-ABXD2QWE10M1L491WG4DREL5X.pcm

SwiftExplicitDependencyGeneratePcm arm64 /var/folders/gs/xz_1j4vj0jl68656c_36tg6r0000gn/T/quad50-native-7q4pCl/DerivedNormal/ModuleCache.noindex/WebKit-APNIGZ54J4WUA3BJMLWNJV7DY.pcm

SwiftEmitModule normal arm64 Emitting\ module\ for\ QUADTest (in target 'QUADTest' from project 'QUADTest')

SwiftCompile normal arm64 /var/folders/gs/xz_1j4vj0jl68656c_36tg6r0000gn/T/quad50-native-7q4pCl/normal/App.swift (in target 'QUADTest' from project 'QUADTest')
    cd /var/folders/gs/xz_1j4vj0jl68656c_36tg6r0000gn/T/quad50-native-7q4pCl/normal
    

SwiftCompile normal arm64 Compiling\ App.swift /var/folders/gs/xz_1j4vj0jl68656c_36tg6r0000gn/T/quad50-native-7q4pCl/normal/App.swift (in target 'QUADTest' from project 'QUADTest')
SwiftCompile normal arm64 /var/folders/gs/xz_1j4vj0jl68656c_36tg6r0000gn/T/quad50-native-7q4pCl/normal/App.swift (in target 'QUADTest' from project 'QUADTest')
    cd /var/folders/gs/xz_1j4vj0jl68656c_36tg6r0000gn/T/quad50-native-7q4pCl/normal
    

SwiftDriverJobDiscovery normal arm64 Emitting module for QUADTest (in target 'QUADTest' from project 'QUADTest')

SwiftDriver\ Compilation\ Requirements QUADTest normal arm64 com.apple.xcode.tools.swift.compiler (in target 'QUADTest' from project 'QUADTest')
    cd /var/folders/gs/xz_1j4vj0jl68656c_36tg6r0000gn/T/quad50-native-7q4pCl/normal
    builtin-Swift-Compilation-Requirements -- /Applications/Xcode.app/Contents/Developer/Toolchains/XcodeDefault.xctoolchain/usr/bin/swiftc -module-name QUADTest -O @/var/folders/gs/xz_1j4vj0jl68656c_36tg6r0000gn/T/quad50-native-7q4pCl/DerivedNormal/Build/Intermediates.noindex/QUADTest.build/Debug-iphonesimulator/QUADTest.build/Objects-normal/arm64/QUADTest.SwiftFileList -enable-bare-slash-regex -enable-experimental-feature DebugDescriptionMacro -sdk /Applications/Xcode.app/Contents/Developer/Platforms/iPhoneSimulator.platform/Developer/SDKs/iPhoneSimulator26.5.sdk -target arm64-apple-ios16.4-simulator -g -module-cache-path /var/folders/gs/xz_1j4vj0jl68656c_36tg6r0000gn/T/quad50-native-7q4pCl/ModuleCache -Xfrontend -serialize-debugging-options -swift-version 5 -I /var/folders/gs/xz_1j4vj0jl68656c_36tg6r0000gn/T/quad50-native-7q4pCl/DerivedNormal/Build/Products/Debug-iphonesimulator -F /var/folders/gs/xz_1j4vj0jl68656c_36tg6r0000gn/T/quad50-native-7q4pCl/DerivedNormal/Build/Products/Debug-iphonesimulator -parse-as-library -c -j8 -enable-batch-mode -incremental -Xcc -ivfsstatcache -Xcc /var/folders/gs/xz_1j4vj0jl68656c_36tg6r0000gn/T/quad50-native-7q4pCl/DerivedNormal/SDKStatCaches.noindex/iphonesimulator26.5-23F81a-6cfe768891a92b912361537c460fe42b.sdkstatcache -output-file-map /var/folders/gs/xz_1j4vj0jl68656c_36tg6r0000gn/T/quad50-native-7q4pCl/DerivedNormal/Build/Intermediates.noindex/QUADTest.build/Debug-iphonesimulator/QUADTest.build/Objects-normal/arm64/QUADTest-OutputFileMap.json -use-frontend-parseable-output -save-temps -no-color-diagnostics -explicit-module-build -module-cache-path /var/folders/gs/xz_1j4vj0jl68656c_36tg6r0000gn/T/quad50-native-7q4pCl/DerivedNormal/Build/Intermediates.noindex/SwiftExplicitPrecompiledModules -clang-scanner-module-cache-path /var/folders/gs/xz_1j4vj0jl68656c_36tg6r0000gn/T/quad50-native-7q4pCl/DerivedNormal/ModuleCache.noindex -sdk-module-cache-path /var/folders/gs/xz_1j4vj0jl68656c_36tg6r0000gn/T/quad50-native-7q4pCl/DerivedNormal/ModuleCache.noindex -serialize-diagnostics -emit-dependencies -emit-module -emit-module-path /var/folders/gs/xz_1j4vj0jl68656c_36tg6r0000gn/T/quad50-native-7q4pCl/DerivedNormal/Build/Intermediates.noindex/QUADTest.build/Debug-iphonesimulator/QUADTest.build/Objects-normal/arm64/QUADTest.swiftmodule -validate-clang-modules-once -clang-build-session-file /var/folders/gs/xz_1j4vj0jl68656c_36tg6r0000gn/T/quad50-native-7q4pCl/DerivedNormal/ModuleCache.noindex/Session.modulevalidation -Xcc -I/var/folders/gs/xz_1j4vj0jl68656c_36tg6r0000gn/T/quad50-native-7q4pCl/DerivedNormal/Build/Intermediates.noindex/QUADTest.build/Debug-iphonesimulator/QUADTest.build/swift-overrides.hmap -emit-const-values -Xfrontend -const-gather-protocols-file -Xfrontend /var/folders/gs/xz_1j4vj0jl68656c_36tg6r0000gn/T/quad50-native-7q4pCl/DerivedNormal/Build/Intermediates.noindex/QUADTest.build/Debug-iphonesimulator/QUADTest.build/Objects-normal/arm64/QUADTest_const_extract_protocols.json -Xcc -iquote -Xcc /var/folders/gs/xz_1j4vj0jl68656c_36tg6r0000gn/T/quad50-native-7q4pCl/DerivedNormal/Build/Intermediates.noindex/QUADTest.build/Debug-iphonesimulator/QUADTest.build/QUADTest-generated-files.hmap -Xcc -I/var/folders/gs/xz_1j4vj0jl68656c_36tg6r0000gn/T/quad50-native-7q4pCl/DerivedNormal/Build/Intermediates.noindex/QUADTest.build/Debug-iphonesimulator/QUADTest.build/QUADTest-own-target-headers.hmap -Xcc -I/var/folders/gs/xz_1j4vj0jl68656c_36tg6r0000gn/T/quad50-native-7q4pCl/DerivedNormal/Build/Intermediates.noindex/QUADTest.build/Debug-iphonesimulator/QUADTest.build/QUADTest-all-target-headers.hmap -Xcc -iquote -Xcc /var/folders/gs/xz_1j4vj0jl68656c_36tg6r0000gn/T/quad50-native-7q4pCl/DerivedNormal/Build/Intermediates.noindex/QUADTest.build/Debug-iphonesimulator/QUADTest.build/QUADTest-project-headers.hmap -Xcc -I/var/folders/gs/xz_1j4vj0jl68656c_36tg6r0000gn/T/quad50-native-7q4pCl/DerivedNormal/Build/Products/Debug-iphonesimulator/include -Xcc -I/var/folders/gs/xz_1j4vj0jl68656c_36tg6r0000gn/T/quad50-native-7q4pCl/DerivedNormal/Build/Intermediates.noindex/QUADTest.build/Debug-iphonesimulator/QUADTest.build/DerivedSources-normal/arm64 -Xcc -I/var/folders/gs/xz_1j4vj0jl68656c_36tg6r0000gn/T/quad50-native-7q4pCl/DerivedNormal/Build/Intermediates.noindex/QUADTest.build/Debug-iphonesimulator/QUADTest.build/DerivedSources/arm64 -Xcc -I/var/folders/gs/xz_1j4vj0jl68656c_36tg6r0000gn/T/quad50-native-7q4pCl/DerivedNormal/Build/Intermediates.noindex/QUADTest.build/Debug-iphonesimulator/QUADTest.build/DerivedSources -emit-objc-header -emit-objc-header-path /var/folders/gs/xz_1j4vj0jl68656c_36tg6r0000gn/T/quad50-native-7q4pCl/DerivedNormal/Build/Intermediates.noindex/QUADTest.build/Debug-iphonesimulator/QUADTest.build/Objects-normal/arm64/QUADTest-Swift.h -working-directory /var/folders/gs/xz_1j4vj0jl68656c_36tg6r0000gn/T/quad50-native-7q4pCl/normal -experimental-emit-module-separately -disable-cmo

SwiftMergeGeneratedHeaders /var/folders/gs/xz_1j4vj0jl68656c_36tg6r0000gn/T/quad50-native-7q4pCl/DerivedNormal/Build/Intermediates.noindex/QUADTest.build/Debug-iphonesimulator/QUADTest.build/DerivedSources/QUADTest-Swift.h /var/folders/gs/xz_1j4vj0jl68656c_36tg6r0000gn/T/quad50-native-7q4pCl/DerivedNormal/Build/Intermediates.noindex/QUADTest.build/Debug-iphonesimulator/QUADTest.build/Objects-normal/arm64/QUADTest-Swift.h (in target 'QUADTest' from project 'QUADTest')
    cd /var/folders/gs/xz_1j4vj0jl68656c_36tg6r0000gn/T/quad50-native-7q4pCl/normal
    builtin-swiftHeaderTool -arch arm64 /var/folders/gs/xz_1j4vj0jl68656c_36tg6r0000gn/T/quad50-native-7q4pCl/DerivedNormal/Build/Intermediates.noindex/QUADTest.build/Debug-iphonesimulator/QUADTest.build/Objects-normal/arm64/QUADTest-Swift.h -o /var/folders/gs/xz_1j4vj0jl68656c_36tg6r0000gn/T/quad50-native-7q4pCl/DerivedNormal/Build/Intermediates.noindex/QUADTest.build/Debug-iphonesimulator/QUADTest.build/DerivedSources/QUADTest-Swift.h

Copy /var/folders/gs/xz_1j4vj0jl68656c_36tg6r0000gn/T/quad50-native-7q4pCl/DerivedNormal/Build/Products/Debug-iphonesimulator/QUADTest.swiftmodule/arm64-apple-ios-simulator.abi.json /var/folders/gs/xz_1j4vj0jl68656c_36tg6r0000gn/T/quad50-native-7q4pCl/DerivedNormal/Build/Intermediates.noindex/QUADTest.build/Debug-iphonesimulator/QUADTest.build/Objects-normal/arm64/QUADTest.abi.json (in target 'QUADTest' from project 'QUADTest')
    cd /var/folders/gs/xz_1j4vj0jl68656c_36tg6r0000gn/T/quad50-native-7q4pCl/normal
    builtin-copy -exclude .DS_Store -exclude CVS -exclude .svn -exclude .git -exclude .hg -strip-unsigned-binaries -strip-deterministic -strip-tool /Applications/Xcode.app/Contents/Developer/Toolchains/XcodeDefault.xctoolchain/usr/bin/strip -resolve-src-symlinks -rename /var/folders/gs/xz_1j4vj0jl68656c_36tg6r0000gn/T/quad50-native-7q4pCl/DerivedNormal/Build/Intermediates.noindex/QUADTest.build/Debug-iphonesimulator/QUADTest.build/Objects-normal/arm64/QUADTest.abi.json /var/folders/gs/xz_1j4vj0jl68656c_36tg6r0000gn/T/quad50-native-7q4pCl/DerivedNormal/Build/Products/Debug-iphonesimulator/QUADTest.swiftmodule/arm64-apple-ios-simulator.abi.json

Copy /var/folders/gs/xz_1j4vj0jl68656c_36tg6r0000gn/T/quad50-native-7q4pCl/DerivedNormal/Build/Products/Debug-iphonesimulator/QUADTest.swiftmodule/arm64-apple-ios-simulator.swiftmodule /var/folders/gs/xz_1j4vj0jl68656c_36tg6r0000gn/T/quad50-native-7q4pCl/DerivedNormal/Build/Intermediates.noindex/QUADTest.build/Debug-iphonesimulator/QUADTest.build/Objects-normal/arm64/QUADTest.swiftmodule (in target 'QUADTest' from project 'QUADTest')
    cd /var/folders/gs/xz_1j4vj0jl68656c_36tg6r0000gn/T/quad50-native-7q4pCl/normal
    builtin-copy -exclude .DS_Store -exclude CVS -exclude .svn -exclude .git -exclude .hg -strip-unsigned-binaries -strip-deterministic -strip-tool /Applications/Xcode.app/Contents/Developer/Toolchains/XcodeDefault.xctoolchain/usr/bin/strip -resolve-src-symlinks -rename /var/folders/gs/xz_1j4vj0jl68656c_36tg6r0000gn/T/quad50-native-7q4pCl/DerivedNormal/Build/Intermediates.noindex/QUADTest.build/Debug-iphonesimulator/QUADTest.build/Objects-normal/arm64/QUADTest.swiftmodule /var/folders/gs/xz_1j4vj0jl68656c_36tg6r0000gn/T/quad50-native-7q4pCl/DerivedNormal/Build/Products/Debug-iphonesimulator/QUADTest.swiftmodule/arm64-apple-ios-simulator.swiftmodule

Copy /var/folders/gs/xz_1j4vj0jl68656c_36tg6r0000gn/T/quad50-native-7q4pCl/DerivedNormal/Build/Products/Debug-iphonesimulator/QUADTest.swiftmodule/arm64-apple-ios-simulator.swiftdoc /var/folders/gs/xz_1j4vj0jl68656c_36tg6r0000gn/T/quad50-native-7q4pCl/DerivedNormal/Build/Intermediates.noindex/QUADTest.build/Debug-iphonesimulator/QUADTest.build/Objects-normal/arm64/QUADTest.swiftdoc (in target 'QUADTest' from project 'QUADTest')
    cd /var/folders/gs/xz_1j4vj0jl68656c_36tg6r0000gn/T/quad50-native-7q4pCl/normal
    builtin-copy -exclude .DS_Store -exclude CVS -exclude .svn -exclude .git -exclude .hg -strip-unsigned-binaries -strip-deterministic -strip-tool /Applications/Xcode.app/Contents/Developer/Toolchains/XcodeDefault.xctoolchain/usr/bin/strip -resolve-src-symlinks -rename /var/folders/gs/xz_1j4vj0jl68656c_36tg6r0000gn/T/quad50-native-7q4pCl/DerivedNormal/Build/Intermediates.noindex/QUADTest.build/Debug-iphonesimulator/QUADTest.build/Objects-normal/arm64/QUADTest.swiftdoc /var/folders/gs/xz_1j4vj0jl68656c_36tg6r0000gn/T/quad50-native-7q4pCl/DerivedNormal/Build/Products/Debug-iphonesimulator/QUADTest.swiftmodule/arm64-apple-ios-simulator.swiftdoc

Copy /var/folders/gs/xz_1j4vj0jl68656c_36tg6r0000gn/T/quad50-native-7q4pCl/DerivedNormal/Build/Products/Debug-iphonesimulator/QUADTest.swiftmodule/Project/arm64-apple-ios-simulator.swiftsourceinfo /var/folders/gs/xz_1j4vj0jl68656c_36tg6r0000gn/T/quad50-native-7q4pCl/DerivedNormal/Build/Intermediates.noindex/QUADTest.build/Debug-iphonesimulator/QUADTest.build/Objects-normal/arm64/QUADTest.swiftsourceinfo (in target 'QUADTest' from project 'QUADTest')
    cd /var/folders/gs/xz_1j4vj0jl68656c_36tg6r0000gn/T/quad50-native-7q4pCl/normal
    builtin-copy -exclude .DS_Store -exclude CVS -exclude .svn -exclude .git -exclude .hg -strip-unsigned-binaries -strip-deterministic -strip-tool /Applications/Xcode.app/Contents/Developer/Toolchains/XcodeDefault.xctoolchain/usr/bin/strip -resolve-src-symlinks -rename /var/folders/gs/xz_1j4vj0jl68656c_36tg6r0000gn/T/quad50-native-7q4pCl/DerivedNormal/Build/Intermediates.noindex/QUADTest.build/Debug-iphonesimulator/QUADTest.build/Objects-normal/arm64/QUADTest.swiftsourceinfo /var/folders/gs/xz_1j4vj0jl68656c_36tg6r0000gn/T/quad50-native-7q4pCl/DerivedNormal/Build/Products/Debug-iphonesimulator/QUADTest.swiftmodule/Project/arm64-apple-ios-simulator.swiftsourceinfo

SwiftDriverJobDiscovery normal arm64 Compiling App.swift (in target 'QUADTest' from project 'QUADTest')

SwiftDriver\ Compilation QUADTest normal arm64 com.apple.xcode.tools.swift.compiler (in target 'QUADTest' from project 'QUADTest')
    cd /var/folders/gs/xz_1j4vj0jl68656c_36tg6r0000gn/T/quad50-native-7q4pCl/normal
    builtin-Swift-Compilation -- /Applications/Xcode.app/Contents/Developer/Toolchains/XcodeDefault.xctoolchain/usr/bin/swiftc -module-name QUADTest -O @/var/folders/gs/xz_1j4vj0jl68656c_36tg6r0000gn/T/quad50-native-7q4pCl/DerivedNormal/Build/Intermediates.noindex/QUADTest.build/Debug-iphonesimulator/QUADTest.build/Objects-normal/arm64/QUADTest.SwiftFileList -enable-bare-slash-regex -enable-experimental-feature DebugDescriptionMacro -sdk /Applications/Xcode.app/Contents/Developer/Platforms/iPhoneSimulator.platform/Developer/SDKs/iPhoneSimulator26.5.sdk -target arm64-apple-ios16.4-simulator -g -module-cache-path /var/folders/gs/xz_1j4vj0jl68656c_36tg6r0000gn/T/quad50-native-7q4pCl/ModuleCache -Xfrontend -serialize-debugging-options -swift-version 5 -I /var/folders/gs/xz_1j4vj0jl68656c_36tg6r0000gn/T/quad50-native-7q4pCl/DerivedNormal/Build/Products/Debug-iphonesimulator -F /var/folders/gs/xz_1j4vj0jl68656c_36tg6r0000gn/T/quad50-native-7q4pCl/DerivedNormal/Build/Products/Debug-iphonesimulator -parse-as-library -c -j8 -enable-batch-mode -incremental -Xcc -ivfsstatcache -Xcc /var/folders/gs/xz_1j4vj0jl68656c_36tg6r0000gn/T/quad50-native-7q4pCl/DerivedNormal/SDKStatCaches.noindex/iphonesimulator26.5-23F81a-6cfe768891a92b912361537c460fe42b.sdkstatcache -output-file-map /var/folders/gs/xz_1j4vj0jl68656c_36tg6r0000gn/T/quad50-native-7q4pCl/DerivedNormal/Build/Intermediates.noindex/QUADTest.build/Debug-iphonesimulator/QUADTest.build/Objects-normal/arm64/QUADTest-OutputFileMap.json -use-frontend-parseable-output -save-temps -no-color-diagnostics -explicit-module-build -module-cache-path /var/folders/gs/xz_1j4vj0jl68656c_36tg6r0000gn/T/quad50-native-7q4pCl/DerivedNormal/Build/Intermediates.noindex/SwiftExplicitPrecompiledModules -clang-scanner-module-cache-path /var/folders/gs/xz_1j4vj0jl68656c_36tg6r0000gn/T/quad50-native-7q4pCl/DerivedNormal/ModuleCache.noindex -sdk-module-cache-path /var/folders/gs/xz_1j4vj0jl68656c_36tg6r0000gn/T/quad50-native-7q4pCl/DerivedNormal/ModuleCache.noindex -serialize-diagnostics -emit-dependencies -emit-module -emit-module-path /var/folders/gs/xz_1j4vj0jl68656c_36tg6r0000gn/T/quad50-native-7q4pCl/DerivedNormal/Build/Intermediates.noindex/QUADTest.build/Debug-iphonesimulator/QUADTest.build/Objects-normal/arm64/QUADTest.swiftmodule -validate-clang-modules-once -clang-build-session-file /var/folders/gs/xz_1j4vj0jl68656c_36tg6r0000gn/T/quad50-native-7q4pCl/DerivedNormal/ModuleCache.noindex/Session.modulevalidation -Xcc -I/var/folders/gs/xz_1j4vj0jl68656c_36tg6r0000gn/T/quad50-native-7q4pCl/DerivedNormal/Build/Intermediates.noindex/QUADTest.build/Debug-iphonesimulator/QUADTest.build/swift-overrides.hmap -emit-const-values -Xfrontend -const-gather-protocols-file -Xfrontend /var/folders/gs/xz_1j4vj0jl68656c_36tg6r0000gn/T/quad50-native-7q4pCl/DerivedNormal/Build/Intermediates.noindex/QUADTest.build/Debug-iphonesimulator/QUADTest.build/Objects-normal/arm64/QUADTest_const_extract_protocols.json -Xcc -iquote -Xcc /var/folders/gs/xz_1j4vj0jl68656c_36tg6r0000gn/T/quad50-native-7q4pCl/DerivedNormal/Build/Intermediates.noindex/QUADTest.build/Debug-iphonesimulator/QUADTest.build/QUADTest-generated-files.hmap -Xcc -I/var/folders/gs/xz_1j4vj0jl68656c_36tg6r0000gn/T/quad50-native-7q4pCl/DerivedNormal/Build/Intermediates.noindex/QUADTest.build/Debug-iphonesimulator/QUADTest.build/QUADTest-own-target-headers.hmap -Xcc -I/var/folders/gs/xz_1j4vj0jl68656c_36tg6r0000gn/T/quad50-native-7q4pCl/DerivedNormal/Build/Intermediates.noindex/QUADTest.build/Debug-iphonesimulator/QUADTest.build/QUADTest-all-target-headers.hmap -Xcc -iquote -Xcc /var/folders/gs/xz_1j4vj0jl68656c_36tg6r0000gn/T/quad50-native-7q4pCl/DerivedNormal/Build/Intermediates.noindex/QUADTest.build/Debug-iphonesimulator/QUADTest.build/QUADTest-project-headers.hmap -Xcc -I/var/folders/gs/xz_1j4vj0jl68656c_36tg6r0000gn/T/quad50-native-7q4pCl/DerivedNormal/Build/Products/Debug-iphonesimulator/include -Xcc -I/var/folders/gs/xz_1j4vj0jl68656c_36tg6r0000gn/T/quad50-native-7q4pCl/DerivedNormal/Build/Intermediates.noindex/QUADTest.build/Debug-iphonesimulator/QUADTest.build/DerivedSources-normal/arm64 -Xcc -I/var/folders/gs/xz_1j4vj0jl68656c_36tg6r0000gn/T/quad50-native-7q4pCl/DerivedNormal/Build/Intermediates.noindex/QUADTest.build/Debug-iphonesimulator/QUADTest.build/DerivedSources/arm64 -Xcc -I/var/folders/gs/xz_1j4vj0jl68656c_36tg6r0000gn/T/quad50-native-7q4pCl/DerivedNormal/Build/Intermediates.noindex/QUADTest.build/Debug-iphonesimulator/QUADTest.build/DerivedSources -emit-objc-header -emit-objc-header-path /var/folders/gs/xz_1j4vj0jl68656c_36tg6r0000gn/T/quad50-native-7q4pCl/DerivedNormal/Build/Intermediates.noindex/QUADTest.build/Debug-iphonesimulator/QUADTest.build/Objects-normal/arm64/QUADTest-Swift.h -working-directory /var/folders/gs/xz_1j4vj0jl68656c_36tg6r0000gn/T/quad50-native-7q4pCl/normal -experimental-emit-module-separately -disable-cmo

Ld /var/folders/gs/xz_1j4vj0jl68656c_36tg6r0000gn/T/quad50-native-7q4pCl/DerivedNormal/Build/Products/Debug-iphonesimulator/QUADTest.app/QUADTest normal (in target 'QUADTest' from project 'QUADTest')
    cd /var/folders/gs/xz_1j4vj0jl68656c_36tg6r0000gn/T/quad50-native-7q4pCl/normal
    /Applications/Xcode.app/Contents/Developer/Toolchains/XcodeDefault.xctoolchain/usr/bin/clang -Xlinker -reproducible -target arm64-apple-ios16.4-simulator -isysroot /Applications/Xcode.app/Contents/Developer/Platforms/iPhoneSimulator.platform/Developer/SDKs/iPhoneSimulator26.5.sdk -Os -L/var/folders/gs/xz_1j4vj0jl68656c_36tg6r0000gn/T/quad50-native-7q4pCl/DerivedNormal/Build/Intermediates.noindex/EagerLinkingTBDs/Debug-iphonesimulator -L/var/folders/gs/xz_1j4vj0jl68656c_36tg6r0000gn/T/quad50-native-7q4pCl/DerivedNormal/Build/Products/Debug-iphonesimulator -F/var/folders/gs/xz_1j4vj0jl68656c_36tg6r0000gn/T/quad50-native-7q4pCl/DerivedNormal/Build/Intermediates.noindex/EagerLinkingTBDs/Debug-iphonesimulator -F/var/folders/gs/xz_1j4vj0jl68656c_36tg6r0000gn/T/quad50-native-7q4pCl/DerivedNormal/Build/Products/Debug-iphonesimulator -filelist /var/folders/gs/xz_1j4vj0jl68656c_36tg6r0000gn/T/quad50-native-7q4pCl/DerivedNormal/Build/Intermediates.noindex/QUADTest.build/Debug-iphonesimulator/QUADTest.build/Objects-normal/arm64/QUADTest.LinkFileList -Xlinker -rpath -Xlinker /usr/lib/swift -Xlinker -dead_strip -Xlinker -object_path_lto -Xlinker /var/folders/gs/xz_1j4vj0jl68656c_36tg6r0000gn/T/quad50-native-7q4pCl/DerivedNormal/Build/Intermediates.noindex/QUADTest.build/Debug-iphonesimulator/QUADTest.build/Objects-normal/arm64/QUADTest_lto.o -Xlinker -objc_abi_version -Xlinker 2 -Xlinker -dependency_info -Xlinker /var/folders/gs/xz_1j4vj0jl68656c_36tg6r0000gn/T/quad50-native-7q4pCl/DerivedNormal/Build/Intermediates.noindex/QUADTest.build/Debug-iphonesimulator/QUADTest.build/Objects-normal/arm64/QUADTest_dependency_info.dat -fobjc-link-runtime -L/Applications/Xcode.app/Contents/Developer/Toolchains/XcodeDefault.xctoolchain/usr/lib/swift/iphonesimulator -L/usr/lib/swift -Xlinker -add_ast_path -Xlinker /var/folders/gs/xz_1j4vj0jl68656c_36tg6r0000gn/T/quad50-native-7q4pCl/DerivedNormal/Build/Intermediates.noindex/QUADTest.build/Debug-iphonesimulator/QUADTest.build/Objects-normal/arm64/QUADTest.swiftmodule @/var/folders/gs/xz_1j4vj0jl68656c_36tg6r0000gn/T/quad50-native-7q4pCl/DerivedNormal/Build/Intermediates.noindex/QUADTest.build/Debug-iphonesimulator/QUADTest.build/Objects-normal/arm64/QUADTest-linker-args.resp -o /var/folders/gs/xz_1j4vj0jl68656c_36tg6r0000gn/T/quad50-native-7q4pCl/DerivedNormal/Build/Products/Debug-iphonesimulator/QUADTest.app/QUADTest

CopySwiftLibs /var/folders/gs/xz_1j4vj0jl68656c_36tg6r0000gn/T/quad50-native-7q4pCl/DerivedNormal/Build/Products/Debug-iphonesimulator/QUADTest.app (in target 'QUADTest' from project 'QUADTest')
    cd /var/folders/gs/xz_1j4vj0jl68656c_36tg6r0000gn/T/quad50-native-7q4pCl/normal
    builtin-swiftStdLibTool --copy --verbose --scan-executable /var/folders/gs/xz_1j4vj0jl68656c_36tg6r0000gn/T/quad50-native-7q4pCl/DerivedNormal/Build/Products/Debug-iphonesimulator/QUADTest.app/QUADTest --scan-folder /var/folders/gs/xz_1j4vj0jl68656c_36tg6r0000gn/T/quad50-native-7q4pCl/DerivedNormal/Build/Products/Debug-iphonesimulator/QUADTest.app/Frameworks --scan-folder /var/folders/gs/xz_1j4vj0jl68656c_36tg6r0000gn/T/quad50-native-7q4pCl/DerivedNormal/Build/Products/Debug-iphonesimulator/QUADTest.app/PlugIns --scan-folder /var/folders/gs/xz_1j4vj0jl68656c_36tg6r0000gn/T/quad50-native-7q4pCl/DerivedNormal/Build/Products/Debug-iphonesimulator/QUADTest.app/SystemExtensions --scan-folder /var/folders/gs/xz_1j4vj0jl68656c_36tg6r0000gn/T/quad50-native-7q4pCl/DerivedNormal/Build/Products/Debug-iphonesimulator/QUADTest.app/Extensions --platform iphonesimulator --toolchain /Applications/Xcode.app/Contents/Developer/Toolchains/XcodeDefault.xctoolchain --destination /var/folders/gs/xz_1j4vj0jl68656c_36tg6r0000gn/T/quad50-native-7q4pCl/DerivedNormal/Build/Products/Debug-iphonesimulator/QUADTest.app/Frameworks --strip-bitcode --strip-bitcode-tool /Applications/Xcode.app/Contents/Developer/Toolchains/XcodeDefault.xctoolchain/usr/bin/bitcode_strip --emit-dependency-info /var/folders/gs/xz_1j4vj0jl68656c_36tg6r0000gn/T/quad50-native-7q4pCl/DerivedNormal/Build/Intermediates.noindex/QUADTest.build/Debug-iphonesimulator/QUADTest.build/SwiftStdLibToolInputDependencies.dep --filter-for-swift-os --back-deploy-swift-span
Ignoring --strip-bitcode because --sign was not passed

ExtractAppIntentsMetadata (in target 'QUADTest' from project 'QUADTest')
    cd /var/folders/gs/xz_1j4vj0jl68656c_36tg6r0000gn/T/quad50-native-7q4pCl/normal
    /Applications/Xcode.app/Contents/Developer/Toolchains/XcodeDefault.xctoolchain/usr/bin/appintentsmetadataprocessor --toolchain-dir /Applications/Xcode.app/Contents/Developer/Toolchains/XcodeDefault.xctoolchain --module-name QUADTest --sdk-root /Applications/Xcode.app/Contents/Developer/Platforms/iPhoneSimulator.platform/Developer/SDKs/iPhoneSimulator26.5.sdk --xcode-version 17F113 --platform-family iOS --deployment-target 16.4 --bundle-identifier dev.quad.preview.basic50 --output /var/folders/gs/xz_1j4vj0jl68656c_36tg6r0000gn/T/quad50-native-7q4pCl/DerivedNormal/Build/Products/Debug-iphonesimulator/QUADTest.app --target-triple arm64-apple-ios16.4-simulator --binary-file /var/folders/gs/xz_1j4vj0jl68656c_36tg6r0000gn/T/quad50-native-7q4pCl/DerivedNormal/Build/Products/Debug-iphonesimulator/QUADTest.app/QUADTest --dependency-file /var/folders/gs/xz_1j4vj0jl68656c_36tg6r0000gn/T/quad50-native-7q4pCl/DerivedNormal/Build/Intermediates.noindex/QUADTest.build/Debug-iphonesimulator/QUADTest.build/Objects-normal/arm64/QUADTest_dependency_info.dat --stringsdata-file /var/folders/gs/xz_1j4vj0jl68656c_36tg6r0000gn/T/quad50-native-7q4pCl/DerivedNormal/Build/Intermediates.noindex/QUADTest.build/Debug-iphonesimulator/QUADTest.build/Objects-normal/arm64/ExtractedAppShortcutsMetadata.stringsdata --source-file-list /var/folders/gs/xz_1j4vj0jl68656c_36tg6r0000gn/T/quad50-native-7q4pCl/DerivedNormal/Build/Intermediates.noindex/QUADTest.build/Debug-iphonesimulator/QUADTest.build/Objects-normal/arm64/QUADTest.SwiftFileList --metadata-file-list /var/folders/gs/xz_1j4vj0jl68656c_36tg6r0000gn/T/quad50-native-7q4pCl/DerivedNormal/Build/Intermediates.noindex/QUADTest.build/Debug-iphonesimulator/QUADTest.build/QUADTest.DependencyMetadataFileList --static-metadata-file-list /var/folders/gs/xz_1j4vj0jl68656c_36tg6r0000gn/T/quad50-native-7q4pCl/DerivedNormal/Build/Intermediates.noindex/QUADTest.build/Debug-iphonesimulator/QUADTest.build/QUADTest.DependencyStaticMetadataFileList --swift-const-vals-list /var/folders/gs/xz_1j4vj0jl68656c_36tg6r0000gn/T/quad50-native-7q4pCl/DerivedNormal/Build/Intermediates.noindex/QUADTest.build/Debug-iphonesimulator/QUADTest.build/Objects-normal/arm64/QUADTest.SwiftConstValuesFileList --compile-time-extraction --deployment-aware-processing --validate-assistant-intents --no-app-shortcuts-localization
2026-09-13 01:37:13.130 appintentsmetadataprocessor[64041:1146668] Starting appintentsmetadataprocessor export
2026-09-13 01:37:13.138 appintentsmetadataprocessor[64041:1146668] warning: Metadata extraction skipped. No AppIntents.framework dependency found.

GenerateDSYMFile /var/folders/gs/xz_1j4vj0jl68656c_36tg6r0000gn/T/quad50-native-7q4pCl/DerivedNormal/Build/Products/Debug-iphonesimulator/QUADTest.app.dSYM /var/folders/gs/xz_1j4vj0jl68656c_36tg6r0000gn/T/quad50-native-7q4pCl/DerivedNormal/Build/Products/Debug-iphonesimulator/QUADTest.app/QUADTest (in target 'QUADTest' from project 'QUADTest')
    cd /var/folders/gs/xz_1j4vj0jl68656c_36tg6r0000gn/T/quad50-native-7q4pCl/normal
    /Applications/Xcode.app/Contents/Developer/Toolchains/XcodeDefault.xctoolchain/usr/bin/dsymutil /var/folders/gs/xz_1j4vj0jl68656c_36tg6r0000gn/T/quad50-native-7q4pCl/DerivedNormal/Build/Products/Debug-iphonesimulator/QUADTest.app/QUADTest -o /var/folders/gs/xz_1j4vj0jl68656c_36tg6r0000gn/T/quad50-native-7q4pCl/DerivedNormal/Build/Products/Debug-iphonesimulator/QUADTest.app.dSYM

AppIntentsSSUTraining (in target 'QUADTest' from project 'QUADTest')
    cd /var/folders/gs/xz_1j4vj0jl68656c_36tg6r0000gn/T/quad50-native-7q4pCl/normal
    /Applications/Xcode.app/Contents/Developer/Toolchains/XcodeDefault.xctoolchain/usr/bin/appintentsnltrainingprocessor --infoplist-path /var/folders/gs/xz_1j4vj0jl68656c_36tg6r0000gn/T/quad50-native-7q4pCl/DerivedNormal/Build/Products/Debug-iphonesimulator/QUADTest.app/Info.plist --temp-dir-path /var/folders/gs/xz_1j4vj0jl68656c_36tg6r0000gn/T/quad50-native-7q4pCl/DerivedNormal/Build/Intermediates.noindex/QUADTest.build/Debug-iphonesimulator/QUADTest.build/ssu --bundle-id dev.quad.preview.basic50 --product-path /var/folders/gs/xz_1j4vj0jl68656c_36tg6r0000gn/T/quad50-native-7q4pCl/DerivedNormal/Build/Products/Debug-iphonesimulator/QUADTest.app --extracted-metadata-path /var/folders/gs/xz_1j4vj0jl68656c_36tg6r0000gn/T/quad50-native-7q4pCl/DerivedNormal/Build/Products/Debug-iphonesimulator/QUADTest.app/Metadata.appintents --metadata-file-list /var/folders/gs/xz_1j4vj0jl68656c_36tg6r0000gn/T/quad50-native-7q4pCl/DerivedNormal/Build/Intermediates.noindex/QUADTest.build/Debug-iphonesimulator/QUADTest.build/QUADTest.DependencyMetadataFileList --source-file /var/folders/gs/xz_1j4vj0jl68656c_36tg6r0000gn/T/quad50-native-7q4pCl/DerivedNormal/Build/Products/Debug-iphonesimulator/QUADTest.app/Info.plist --archive-ssu-assets
2026-09-13 01:37:13.173 appintentsnltrainingprocessor[64043:1146670] Parsing options for appintentsnltrainingprocessor
2026-09-13 01:37:13.173 appintentsnltrainingprocessor[64043:1146670] Starting AppIntents SSU YAML Generation
2026-09-13 01:37:13.179 appintentsnltrainingprocessor[64043:1146670] No AppShortcuts found - Skipping.

RegisterExecutionPolicyException /var/folders/gs/xz_1j4vj0jl68656c_36tg6r0000gn/T/quad50-native-7q4pCl/DerivedNormal/Build/Products/Debug-iphonesimulator/QUADTest.app (in target 'QUADTest' from project 'QUADTest')
    cd /var/folders/gs/xz_1j4vj0jl68656c_36tg6r0000gn/T/quad50-native-7q4pCl/normal
    builtin-RegisterExecutionPolicyException /var/folders/gs/xz_1j4vj0jl68656c_36tg6r0000gn/T/quad50-native-7q4pCl/DerivedNormal/Build/Products/Debug-iphonesimulator/QUADTest.app

Validate /var/folders/gs/xz_1j4vj0jl68656c_36tg6r0000gn/T/quad50-native-7q4pCl/DerivedNormal/Build/Products/Debug-iphonesimulator/QUADTest.app (in target 'QUADTest' from project 'QUADTest')
    cd /var/folders/gs/xz_1j4vj0jl68656c_36tg6r0000gn/T/quad50-native-7q4pCl/normal
    builtin-validationUtility /var/folders/gs/xz_1j4vj0jl68656c_36tg6r0000gn/T/quad50-native-7q4pCl/DerivedNormal/Build/Products/Debug-iphonesimulator/QUADTest.app -shallow-bundle -infoplist-subpath Info.plist

Touch /var/folders/gs/xz_1j4vj0jl68656c_36tg6r0000gn/T/quad50-native-7q4pCl/DerivedNormal/Build/Products/Debug-iphonesimulator/QUADTest.app (in target 'QUADTest' from project 'QUADTest')
    cd /var/folders/gs/xz_1j4vj0jl68656c_36tg6r0000gn/T/quad50-native-7q4pCl/normal
    /usr/bin/touch -c /var/folders/gs/xz_1j4vj0jl68656c_36tg6r0000gn/T/quad50-native-7q4pCl/DerivedNormal/Build/Products/Debug-iphonesimulator/QUADTest.app

** BUILD SUCCEEDED **

Command line invocation:
    /Applications/Xcode.app/Contents/Developer/usr/bin/xcodebuild -project /var/folders/gs/xz_1j4vj0jl68656c_36tg6r0000gn/T/quad50-native-7q4pCl/qa/QUADTest.xcodeproj -scheme QUADTest -sdk iphonesimulator -configuration Debug -derivedDataPath /var/folders/gs/xz_1j4vj0jl68656c_36tg6r0000gn/T/quad50-native-7q4pCl/DerivedQA ARCHS=arm64 CODE_SIGNING_ALLOWED=NO PRODUCT_BUNDLE_IDENTIFIER=dev.quad.preview.basic50qa COMPILER_INDEX_STORE_ENABLE=NO CLANG_MODULE_CACHE_PATH=/var/folders/gs/xz_1j4vj0jl68656c_36tg6r0000gn/T/quad50-native-7q4pCl/ModuleCache build

Build settings from command line:
    ARCHS = arm64
    CLANG_MODULE_CACHE_PATH = /var/folders/gs/xz_1j4vj0jl68656c_36tg6r0000gn/T/quad50-native-7q4pCl/ModuleCache
    CODE_SIGNING_ALLOWED = NO
    COMPILER_INDEX_STORE_ENABLE = NO
    PRODUCT_BUNDLE_IDENTIFIER = dev.quad.preview.basic50qa
    SDKROOT = iphonesimulator26.5

2026-09-13 01:37:14.542 xcodebuild[64050:1146691] [MT] IDERunDestination: Supported platforms for the buildables in the current scheme is empty.
--- xcodebuild: WARNING: Using the first of multiple matching destinations:
{ platform:iOS Simulator, id:dvtdevice-DVTiOSDeviceSimulatorPlaceholder-iphonesimulator:placeholder, name:Any iOS Simulator Device }
{ platform:macOS, arch:arm64, variant:Designed for [iPad,iPhone], id:00008103-001218262153C01E, name:My Mac }
{ platform:iOS, id:dvtdevice-DVTiPhonePlaceholder-iphoneos:placeholder, name:Any iOS Device }
ComputePackagePrebuildTargetDependencyGraph

Prepare packages

CreateBuildRequest

SendProjectDescription

CreateBuildOperation

ComputeTargetDependencyGraph
note: Building targets in dependency order
note: Target dependency graph (1 target)
    Target 'QUADTest' in project 'QUADTest' (no dependencies)

GatherProvisioningInputs

CreateBuildDescription

ExecuteExternalTool /Applications/Xcode.app/Contents/Developer/Toolchains/XcodeDefault.xctoolchain/usr/bin/swiftc --version

ExecuteExternalTool /Applications/Xcode.app/Contents/Developer/Toolchains/XcodeDefault.xctoolchain/usr/bin/clang -v -E -dM -isysroot /Applications/Xcode.app/Contents/Developer/Platforms/iPhoneSimulator.platform/Developer/SDKs/iPhoneSimulator26.5.sdk -x c -c /dev/null

ExecuteExternalTool /Applications/Xcode.app/Contents/Developer/Toolchains/XcodeDefault.xctoolchain/usr/bin/ld -version_details

Build description signature: 408dea60045d90141664d3a8ceee4345
Build description path: /var/folders/gs/xz_1j4vj0jl68656c_36tg6r0000gn/T/quad50-native-7q4pCl/DerivedQA/Build/Intermediates.noindex/XCBuildData/408dea60045d90141664d3a8ceee4345.xcbuilddata
CreateBuildDirectory /var/folders/gs/xz_1j4vj0jl68656c_36tg6r0000gn/T/quad50-native-7q4pCl/DerivedQA/Build/Products
    cd /var/folders/gs/xz_1j4vj0jl68656c_36tg6r0000gn/T/quad50-native-7q4pCl/qa/QUADTest.xcodeproj
    builtin-create-build-directory /var/folders/gs/xz_1j4vj0jl68656c_36tg6r0000gn/T/quad50-native-7q4pCl/DerivedQA/Build/Products

CreateBuildDirectory /var/folders/gs/xz_1j4vj0jl68656c_36tg6r0000gn/T/quad50-native-7q4pCl/DerivedQA/Build/Intermediates.noindex
    cd /var/folders/gs/xz_1j4vj0jl68656c_36tg6r0000gn/T/quad50-native-7q4pCl/qa/QUADTest.xcodeproj
    builtin-create-build-directory /var/folders/gs/xz_1j4vj0jl68656c_36tg6r0000gn/T/quad50-native-7q4pCl/DerivedQA/Build/Intermediates.noindex

ClangStatCache /Applications/Xcode.app/Contents/Developer/Toolchains/XcodeDefault.xctoolchain/usr/bin/clang-stat-cache /Applications/Xcode.app/Contents/Developer/Platforms/iPhoneSimulator.platform/Developer/SDKs/iPhoneSimulator26.5.sdk /var/folders/gs/xz_1j4vj0jl68656c_36tg6r0000gn/T/quad50-native-7q4pCl/DerivedQA/SDKStatCaches.noindex/iphonesimulator26.5-23F81a-6cfe768891a92b912361537c460fe42b.sdkstatcache
    cd /var/folders/gs/xz_1j4vj0jl68656c_36tg6r0000gn/T/quad50-native-7q4pCl/qa/QUADTest.xcodeproj
    /Applications/Xcode.app/Contents/Developer/Toolchains/XcodeDefault.xctoolchain/usr/bin/clang-stat-cache /Applications/Xcode.app/Contents/Developer/Platforms/iPhoneSimulator.platform/Developer/SDKs/iPhoneSimulator26.5.sdk -o /var/folders/gs/xz_1j4vj0jl68656c_36tg6r0000gn/T/quad50-native-7q4pCl/DerivedQA/SDKStatCaches.noindex/iphonesimulator26.5-23F81a-6cfe768891a92b912361537c460fe42b.sdkstatcache

CreateBuildDirectory /var/folders/gs/xz_1j4vj0jl68656c_36tg6r0000gn/T/quad50-native-7q4pCl/DerivedQA/Build/Products/Debug-iphonesimulator
    cd /var/folders/gs/xz_1j4vj0jl68656c_36tg6r0000gn/T/quad50-native-7q4pCl/qa/QUADTest.xcodeproj
    builtin-create-build-directory /var/folders/gs/xz_1j4vj0jl68656c_36tg6r0000gn/T/quad50-native-7q4pCl/DerivedQA/Build/Products/Debug-iphonesimulator

CreateBuildDirectory /var/folders/gs/xz_1j4vj0jl68656c_36tg6r0000gn/T/quad50-native-7q4pCl/DerivedQA/Build/Intermediates.noindex/ExplicitPrecompiledModules
    cd /var/folders/gs/xz_1j4vj0jl68656c_36tg6r0000gn/T/quad50-native-7q4pCl/qa/QUADTest.xcodeproj
    builtin-create-build-directory /var/folders/gs/xz_1j4vj0jl68656c_36tg6r0000gn/T/quad50-native-7q4pCl/DerivedQA/Build/Intermediates.noindex/ExplicitPrecompiledModules

CreateBuildDirectory /var/folders/gs/xz_1j4vj0jl68656c_36tg6r0000gn/T/quad50-native-7q4pCl/DerivedQA/Build/Intermediates.noindex/SwiftExplicitPrecompiledModules
    cd /var/folders/gs/xz_1j4vj0jl68656c_36tg6r0000gn/T/quad50-native-7q4pCl/qa/QUADTest.xcodeproj
    builtin-create-build-directory /var/folders/gs/xz_1j4vj0jl68656c_36tg6r0000gn/T/quad50-native-7q4pCl/DerivedQA/Build/Intermediates.noindex/SwiftExplicitPrecompiledModules

CreateBuildDirectory /var/folders/gs/xz_1j4vj0jl68656c_36tg6r0000gn/T/quad50-native-7q4pCl/DerivedQA/Build/Intermediates.noindex/EagerLinkingTBDs/Debug-iphonesimulator
    cd /var/folders/gs/xz_1j4vj0jl68656c_36tg6r0000gn/T/quad50-native-7q4pCl/qa/QUADTest.xcodeproj
    builtin-create-build-directory /var/folders/gs/xz_1j4vj0jl68656c_36tg6r0000gn/T/quad50-native-7q4pCl/DerivedQA/Build/Intermediates.noindex/EagerLinkingTBDs/Debug-iphonesimulator

WriteAuxiliaryFile /var/folders/gs/xz_1j4vj0jl68656c_36tg6r0000gn/T/quad50-native-7q4pCl/DerivedQA/Build/Intermediates.noindex/QUADTest.build/Debug-iphonesimulator/QUADTest-d44c8ec2d8a25b3c4f0c6c77eb0c1baf-VFS-iphonesimulator/all-product-headers.yaml
    cd /var/folders/gs/xz_1j4vj0jl68656c_36tg6r0000gn/T/quad50-native-7q4pCl/qa/QUADTest.xcodeproj
    write-file /var/folders/gs/xz_1j4vj0jl68656c_36tg6r0000gn/T/quad50-native-7q4pCl/DerivedQA/Build/Intermediates.noindex/QUADTest.build/Debug-iphonesimulator/QUADTest-d44c8ec2d8a25b3c4f0c6c77eb0c1baf-VFS-iphonesimulator/all-product-headers.yaml

WriteAuxiliaryFile /var/folders/gs/xz_1j4vj0jl68656c_36tg6r0000gn/T/quad50-native-7q4pCl/DerivedQA/Build/Intermediates.noindex/QUADTest.build/Debug-iphonesimulator/QUADTest.build/QUADTest.DependencyStaticMetadataFileList (in target 'QUADTest' from project 'QUADTest')
    cd /var/folders/gs/xz_1j4vj0jl68656c_36tg6r0000gn/T/quad50-native-7q4pCl/qa
    write-file /var/folders/gs/xz_1j4vj0jl68656c_36tg6r0000gn/T/quad50-native-7q4pCl/DerivedQA/Build/Intermediates.noindex/QUADTest.build/Debug-iphonesimulator/QUADTest.build/QUADTest.DependencyStaticMetadataFileList

WriteAuxiliaryFile /var/folders/gs/xz_1j4vj0jl68656c_36tg6r0000gn/T/quad50-native-7q4pCl/DerivedQA/Build/Intermediates.noindex/QUADTest.build/Debug-iphonesimulator/QUADTest.build/QUADTest.hmap (in target 'QUADTest' from project 'QUADTest')
    cd /var/folders/gs/xz_1j4vj0jl68656c_36tg6r0000gn/T/quad50-native-7q4pCl/qa
    write-file /var/folders/gs/xz_1j4vj0jl68656c_36tg6r0000gn/T/quad50-native-7q4pCl/DerivedQA/Build/Intermediates.noindex/QUADTest.build/Debug-iphonesimulator/QUADTest.build/QUADTest.hmap

WriteAuxiliaryFile /var/folders/gs/xz_1j4vj0jl68656c_36tg6r0000gn/T/quad50-native-7q4pCl/DerivedQA/Build/Intermediates.noindex/QUADTest.build/Debug-iphonesimulator/QUADTest.build/QUADTest-project-headers.hmap (in target 'QUADTest' from project 'QUADTest')
    cd /var/folders/gs/xz_1j4vj0jl68656c_36tg6r0000gn/T/quad50-native-7q4pCl/qa
    write-file /var/folders/gs/xz_1j4vj0jl68656c_36tg6r0000gn/T/quad50-native-7q4pCl/DerivedQA/Build/Intermediates.noindex/QUADTest.build/Debug-iphonesimulator/QUADTest.build/QUADTest-project-headers.hmap

WriteAuxiliaryFile /var/folders/gs/xz_1j4vj0jl68656c_36tg6r0000gn/T/quad50-native-7q4pCl/DerivedQA/Build/Intermediates.noindex/QUADTest.build/Debug-iphonesimulator/QUADTest.build/QUADTest.DependencyMetadataFileList (in target 'QUADTest' from project 'QUADTest')
    cd /var/folders/gs/xz_1j4vj0jl68656c_36tg6r0000gn/T/quad50-native-7q4pCl/qa
    write-file /var/folders/gs/xz_1j4vj0jl68656c_36tg6r0000gn/T/quad50-native-7q4pCl/DerivedQA/Build/Intermediates.noindex/QUADTest.build/Debug-iphonesimulator/QUADTest.build/QUADTest.DependencyMetadataFileList

WriteAuxiliaryFile /var/folders/gs/xz_1j4vj0jl68656c_36tg6r0000gn/T/quad50-native-7q4pCl/DerivedQA/Build/Intermediates.noindex/QUADTest.build/Debug-iphonesimulator/QUADTest.build/QUADTest-own-target-headers.hmap (in target 'QUADTest' from project 'QUADTest')
    cd /var/folders/gs/xz_1j4vj0jl68656c_36tg6r0000gn/T/quad50-native-7q4pCl/qa
    write-file /var/folders/gs/xz_1j4vj0jl68656c_36tg6r0000gn/T/quad50-native-7q4pCl/DerivedQA/Build/Intermediates.noindex/QUADTest.build/Debug-iphonesimulator/QUADTest.build/QUADTest-own-target-headers.hmap

WriteAuxiliaryFile /var/folders/gs/xz_1j4vj0jl68656c_36tg6r0000gn/T/quad50-native-7q4pCl/DerivedQA/Build/Intermediates.noindex/QUADTest.build/Debug-iphonesimulator/QUADTest.build/QUADTest-all-target-headers.hmap (in target 'QUADTest' from project 'QUADTest')
    cd /var/folders/gs/xz_1j4vj0jl68656c_36tg6r0000gn/T/quad50-native-7q4pCl/qa
    write-file /var/folders/gs/xz_1j4vj0jl68656c_36tg6r0000gn/T/quad50-native-7q4pCl/DerivedQA/Build/Intermediates.noindex/QUADTest.build/Debug-iphonesimulator/QUADTest.build/QUADTest-all-target-headers.hmap

WriteAuxiliaryFile /var/folders/gs/xz_1j4vj0jl68656c_36tg6r0000gn/T/quad50-native-7q4pCl/DerivedQA/Build/Intermediates.noindex/QUADTest.build/Debug-iphonesimulator/QUADTest.build/QUADTest-generated-files.hmap (in target 'QUADTest' from project 'QUADTest')
    cd /var/folders/gs/xz_1j4vj0jl68656c_36tg6r0000gn/T/quad50-native-7q4pCl/qa
    write-file /var/folders/gs/xz_1j4vj0jl68656c_36tg6r0000gn/T/quad50-native-7q4pCl/DerivedQA/Build/Intermediates.noindex/QUADTest.build/Debug-iphonesimulator/QUADTest.build/QUADTest-generated-files.hmap

WriteAuxiliaryFile /var/folders/gs/xz_1j4vj0jl68656c_36tg6r0000gn/T/quad50-native-7q4pCl/DerivedQA/Build/Intermediates.noindex/QUADTest.build/Debug-iphonesimulator/QUADTest.build/QUADTest-all-non-framework-target-headers.hmap (in target 'QUADTest' from project 'QUADTest')
    cd /var/folders/gs/xz_1j4vj0jl68656c_36tg6r0000gn/T/quad50-native-7q4pCl/qa
    write-file /var/folders/gs/xz_1j4vj0jl68656c_36tg6r0000gn/T/quad50-native-7q4pCl/DerivedQA/Build/Intermediates.noindex/QUADTest.build/Debug-iphonesimulator/QUADTest.build/QUADTest-all-non-framework-target-headers.hmap

WriteAuxiliaryFile /var/folders/gs/xz_1j4vj0jl68656c_36tg6r0000gn/T/quad50-native-7q4pCl/DerivedQA/Build/Intermediates.noindex/QUADTest.build/Debug-iphonesimulator/QUADTest.build/Objects-normal/arm64/QUADTest.SwiftConstValuesFileList (in target 'QUADTest' from project 'QUADTest')
    cd /var/folders/gs/xz_1j4vj0jl68656c_36tg6r0000gn/T/quad50-native-7q4pCl/qa
    write-file /var/folders/gs/xz_1j4vj0jl68656c_36tg6r0000gn/T/quad50-native-7q4pCl/DerivedQA/Build/Intermediates.noindex/QUADTest.build/Debug-iphonesimulator/QUADTest.build/Objects-normal/arm64/QUADTest.SwiftConstValuesFileList

WriteAuxiliaryFile /var/folders/gs/xz_1j4vj0jl68656c_36tg6r0000gn/T/quad50-native-7q4pCl/DerivedQA/Build/Intermediates.noindex/QUADTest.build/Debug-iphonesimulator/QUADTest.build/Objects-normal/arm64/QUADTest_const_extract_protocols.json (in target 'QUADTest' from project 'QUADTest')
    cd /var/folders/gs/xz_1j4vj0jl68656c_36tg6r0000gn/T/quad50-native-7q4pCl/qa
    write-file /var/folders/gs/xz_1j4vj0jl68656c_36tg6r0000gn/T/quad50-native-7q4pCl/DerivedQA/Build/Intermediates.noindex/QUADTest.build/Debug-iphonesimulator/QUADTest.build/Objects-normal/arm64/QUADTest_const_extract_protocols.json

WriteAuxiliaryFile /var/folders/gs/xz_1j4vj0jl68656c_36tg6r0000gn/T/quad50-native-7q4pCl/DerivedQA/Build/Intermediates.noindex/QUADTest.build/Debug-iphonesimulator/QUADTest.build/Objects-normal/arm64/QUADTest.LinkFileList (in target 'QUADTest' from project 'QUADTest')
    cd /var/folders/gs/xz_1j4vj0jl68656c_36tg6r0000gn/T/quad50-native-7q4pCl/qa
    write-file /var/folders/gs/xz_1j4vj0jl68656c_36tg6r0000gn/T/quad50-native-7q4pCl/DerivedQA/Build/Intermediates.noindex/QUADTest.build/Debug-iphonesimulator/QUADTest.build/Objects-normal/arm64/QUADTest.LinkFileList

WriteAuxiliaryFile /var/folders/gs/xz_1j4vj0jl68656c_36tg6r0000gn/T/quad50-native-7q4pCl/DerivedQA/Build/Intermediates.noindex/QUADTest.build/Debug-iphonesimulator/QUADTest.build/Objects-normal/arm64/QUADTest-OutputFileMap.json (in target 'QUADTest' from project 'QUADTest')
    cd /var/folders/gs/xz_1j4vj0jl68656c_36tg6r0000gn/T/quad50-native-7q4pCl/qa
    write-file /var/folders/gs/xz_1j4vj0jl68656c_36tg6r0000gn/T/quad50-native-7q4pCl/DerivedQA/Build/Intermediates.noindex/QUADTest.build/Debug-iphonesimulator/QUADTest.build/Objects-normal/arm64/QUADTest-OutputFileMap.json

WriteAuxiliaryFile /var/folders/gs/xz_1j4vj0jl68656c_36tg6r0000gn/T/quad50-native-7q4pCl/DerivedQA/Build/Intermediates.noindex/QUADTest.build/Debug-iphonesimulator/QUADTest.build/Objects-normal/arm64/QUADTest.SwiftFileList (in target 'QUADTest' from project 'QUADTest')
    cd /var/folders/gs/xz_1j4vj0jl68656c_36tg6r0000gn/T/quad50-native-7q4pCl/qa
    write-file /var/folders/gs/xz_1j4vj0jl68656c_36tg6r0000gn/T/quad50-native-7q4pCl/DerivedQA/Build/Intermediates.noindex/QUADTest.build/Debug-iphonesimulator/QUADTest.build/Objects-normal/arm64/QUADTest.SwiftFileList

MkDir /var/folders/gs/xz_1j4vj0jl68656c_36tg6r0000gn/T/quad50-native-7q4pCl/DerivedQA/Build/Products/Debug-iphonesimulator/QUADTest.app (in target 'QUADTest' from project 'QUADTest')
    cd /var/folders/gs/xz_1j4vj0jl68656c_36tg6r0000gn/T/quad50-native-7q4pCl/qa
    /bin/mkdir -p /var/folders/gs/xz_1j4vj0jl68656c_36tg6r0000gn/T/quad50-native-7q4pCl/DerivedQA/Build/Products/Debug-iphonesimulator/QUADTest.app

CpResource /var/folders/gs/xz_1j4vj0jl68656c_36tg6r0000gn/T/quad50-native-7q4pCl/DerivedQA/Build/Products/Debug-iphonesimulator/QUADTest.app/Web /var/folders/gs/xz_1j4vj0jl68656c_36tg6r0000gn/T/quad50-native-7q4pCl/qa/Web (in target 'QUADTest' from project 'QUADTest')
    cd /var/folders/gs/xz_1j4vj0jl68656c_36tg6r0000gn/T/quad50-native-7q4pCl/qa
    builtin-copy -exclude .DS_Store -exclude CVS -exclude .svn -exclude .git -exclude .hg -strip-unsigned-binaries -strip-deterministic -strip-tool /Applications/Xcode.app/Contents/Developer/Toolchains/XcodeDefault.xctoolchain/usr/bin/strip -resolve-src-symlinks /var/folders/gs/xz_1j4vj0jl68656c_36tg6r0000gn/T/quad50-native-7q4pCl/qa/Web /var/folders/gs/xz_1j4vj0jl68656c_36tg6r0000gn/T/quad50-native-7q4pCl/DerivedQA/Build/Products/Debug-iphonesimulator/QUADTest.app

ProcessInfoPlistFile /var/folders/gs/xz_1j4vj0jl68656c_36tg6r0000gn/T/quad50-native-7q4pCl/DerivedQA/Build/Products/Debug-iphonesimulator/QUADTest.app/Info.plist /var/folders/gs/xz_1j4vj0jl68656c_36tg6r0000gn/T/quad50-native-7q4pCl/qa/Info.plist (in target 'QUADTest' from project 'QUADTest')
    cd /var/folders/gs/xz_1j4vj0jl68656c_36tg6r0000gn/T/quad50-native-7q4pCl/qa
    builtin-infoPlistUtility /var/folders/gs/xz_1j4vj0jl68656c_36tg6r0000gn/T/quad50-native-7q4pCl/qa/Info.plist -producttype com.apple.product-type.application -genpkginfo /var/folders/gs/xz_1j4vj0jl68656c_36tg6r0000gn/T/quad50-native-7q4pCl/DerivedQA/Build/Products/Debug-iphonesimulator/QUADTest.app/PkgInfo -expandbuildsettings -format binary -platform iphonesimulator -o /var/folders/gs/xz_1j4vj0jl68656c_36tg6r0000gn/T/quad50-native-7q4pCl/DerivedQA/Build/Products/Debug-iphonesimulator/QUADTest.app/Info.plist

SwiftDriver QUADTest normal arm64 com.apple.xcode.tools.swift.compiler (in target 'QUADTest' from project 'QUADTest')
    cd /var/folders/gs/xz_1j4vj0jl68656c_36tg6r0000gn/T/quad50-native-7q4pCl/qa
    builtin-SwiftDriver -- /Applications/Xcode.app/Contents/Developer/Toolchains/XcodeDefault.xctoolchain/usr/bin/swiftc -module-name QUADTest -O @/var/folders/gs/xz_1j4vj0jl68656c_36tg6r0000gn/T/quad50-native-7q4pCl/DerivedQA/Build/Intermediates.noindex/QUADTest.build/Debug-iphonesimulator/QUADTest.build/Objects-normal/arm64/QUADTest.SwiftFileList -enable-bare-slash-regex -enable-experimental-feature DebugDescriptionMacro -sdk /Applications/Xcode.app/Contents/Developer/Platforms/iPhoneSimulator.platform/Developer/SDKs/iPhoneSimulator26.5.sdk -target arm64-apple-ios16.4-simulator -g -module-cache-path /var/folders/gs/xz_1j4vj0jl68656c_36tg6r0000gn/T/quad50-native-7q4pCl/ModuleCache -Xfrontend -serialize-debugging-options -swift-version 5 -I /var/folders/gs/xz_1j4vj0jl68656c_36tg6r0000gn/T/quad50-native-7q4pCl/DerivedQA/Build/Products/Debug-iphonesimulator -F /var/folders/gs/xz_1j4vj0jl68656c_36tg6r0000gn/T/quad50-native-7q4pCl/DerivedQA/Build/Products/Debug-iphonesimulator -parse-as-library -c -j8 -enable-batch-mode -incremental -Xcc -ivfsstatcache -Xcc /var/folders/gs/xz_1j4vj0jl68656c_36tg6r0000gn/T/quad50-native-7q4pCl/DerivedQA/SDKStatCaches.noindex/iphonesimulator26.5-23F81a-6cfe768891a92b912361537c460fe42b.sdkstatcache -output-file-map /var/folders/gs/xz_1j4vj0jl68656c_36tg6r0000gn/T/quad50-native-7q4pCl/DerivedQA/Build/Intermediates.noindex/QUADTest.build/Debug-iphonesimulator/QUADTest.build/Objects-normal/arm64/QUADTest-OutputFileMap.json -use-frontend-parseable-output -save-temps -no-color-diagnostics -explicit-module-build -module-cache-path /var/folders/gs/xz_1j4vj0jl68656c_36tg6r0000gn/T/quad50-native-7q4pCl/DerivedQA/Build/Intermediates.noindex/SwiftExplicitPrecompiledModules -clang-scanner-module-cache-path /var/folders/gs/xz_1j4vj0jl68656c_36tg6r0000gn/T/quad50-native-7q4pCl/DerivedQA/ModuleCache.noindex -sdk-module-cache-path /var/folders/gs/xz_1j4vj0jl68656c_36tg6r0000gn/T/quad50-native-7q4pCl/DerivedQA/ModuleCache.noindex -serialize-diagnostics -emit-dependencies -emit-module -emit-module-path /var/folders/gs/xz_1j4vj0jl68656c_36tg6r0000gn/T/quad50-native-7q4pCl/DerivedQA/Build/Intermediates.noindex/QUADTest.build/Debug-iphonesimulator/QUADTest.build/Objects-normal/arm64/QUADTest.swiftmodule -validate-clang-modules-once -clang-build-session-file /var/folders/gs/xz_1j4vj0jl68656c_36tg6r0000gn/T/quad50-native-7q4pCl/DerivedQA/ModuleCache.noindex/Session.modulevalidation -Xcc -I/var/folders/gs/xz_1j4vj0jl68656c_36tg6r0000gn/T/quad50-native-7q4pCl/DerivedQA/Build/Intermediates.noindex/QUADTest.build/Debug-iphonesimulator/QUADTest.build/swift-overrides.hmap -emit-const-values -Xfrontend -const-gather-protocols-file -Xfrontend /var/folders/gs/xz_1j4vj0jl68656c_36tg6r0000gn/T/quad50-native-7q4pCl/DerivedQA/Build/Intermediates.noindex/QUADTest.build/Debug-iphonesimulator/QUADTest.build/Objects-normal/arm64/QUADTest_const_extract_protocols.json -Xcc -iquote -Xcc /var/folders/gs/xz_1j4vj0jl68656c_36tg6r0000gn/T/quad50-native-7q4pCl/DerivedQA/Build/Intermediates.noindex/QUADTest.build/Debug-iphonesimulator/QUADTest.build/QUADTest-generated-files.hmap -Xcc -I/var/folders/gs/xz_1j4vj0jl68656c_36tg6r0000gn/T/quad50-native-7q4pCl/DerivedQA/Build/Intermediates.noindex/QUADTest.build/Debug-iphonesimulator/QUADTest.build/QUADTest-own-target-headers.hmap -Xcc -I/var/folders/gs/xz_1j4vj0jl68656c_36tg6r0000gn/T/quad50-native-7q4pCl/DerivedQA/Build/Intermediates.noindex/QUADTest.build/Debug-iphonesimulator/QUADTest.build/QUADTest-all-target-headers.hmap -Xcc -iquote -Xcc /var/folders/gs/xz_1j4vj0jl68656c_36tg6r0000gn/T/quad50-native-7q4pCl/DerivedQA/Build/Intermediates.noindex/QUADTest.build/Debug-iphonesimulator/QUADTest.build/QUADTest-project-headers.hmap -Xcc -I/var/folders/gs/xz_1j4vj0jl68656c_36tg6r0000gn/T/quad50-native-7q4pCl/DerivedQA/Build/Products/Debug-iphonesimulator/include -Xcc -I/var/folders/gs/xz_1j4vj0jl68656c_36tg6r0000gn/T/quad50-native-7q4pCl/DerivedQA/Build/Intermediates.noindex/QUADTest.build/Debug-iphonesimulator/QUADTest.build/DerivedSources-normal/arm64 -Xcc -I/var/folders/gs/xz_1j4vj0jl68656c_36tg6r0000gn/T/quad50-native-7q4pCl/DerivedQA/Build/Intermediates.noindex/QUADTest.build/Debug-iphonesimulator/QUADTest.build/DerivedSources/arm64 -Xcc -I/var/folders/gs/xz_1j4vj0jl68656c_36tg6r0000gn/T/quad50-native-7q4pCl/DerivedQA/Build/Intermediates.noindex/QUADTest.build/Debug-iphonesimulator/QUADTest.build/DerivedSources -emit-objc-header -emit-objc-header-path /var/folders/gs/xz_1j4vj0jl68656c_36tg6r0000gn/T/quad50-native-7q4pCl/DerivedQA/Build/Intermediates.noindex/QUADTest.build/Debug-iphonesimulator/QUADTest.build/Objects-normal/arm64/QUADTest-Swift.h -working-directory /var/folders/gs/xz_1j4vj0jl68656c_36tg6r0000gn/T/quad50-native-7q4pCl/qa -experimental-emit-module-separately -disable-cmo

SwiftExplicitDependencyGeneratePcm arm64 /var/folders/gs/xz_1j4vj0jl68656c_36tg6r0000gn/T/quad50-native-7q4pCl/DerivedQA/ModuleCache.noindex/_Builtin_float-5XAJ63SLEOQ8LOS9U20JVXUK5.pcm

SwiftExplicitDependencyGeneratePcm arm64 /var/folders/gs/xz_1j4vj0jl68656c_36tg6r0000gn/T/quad50-native-7q4pCl/DerivedQA/ModuleCache.noindex/_SwiftConcurrencyShims-61P6ZR5KTS8UEQORAENZ4JTQA.pcm

SwiftExplicitDependencyGeneratePcm arm64 /var/folders/gs/xz_1j4vj0jl68656c_36tg6r0000gn/T/quad50-native-7q4pCl/DerivedQA/ModuleCache.noindex/_Builtin_stdarg-F05A88UJ8EBE9BFNWFITPFCEV.pcm

SwiftExplicitDependencyGeneratePcm arm64 /var/folders/gs/xz_1j4vj0jl68656c_36tg6r0000gn/T/quad50-native-7q4pCl/DerivedQA/ModuleCache.noindex/_AvailabilityInternal-EODPM709VBT44XR318SZU23QY.pcm

SwiftExplicitDependencyGeneratePcm arm64 /var/folders/gs/xz_1j4vj0jl68656c_36tg6r0000gn/T/quad50-native-7q4pCl/DerivedQA/ModuleCache.noindex/ptrauth-4CXS0RX3KF7D7K15USEI6QLNM.pcm

SwiftExplicitDependencyGeneratePcm arm64 /var/folders/gs/xz_1j4vj0jl68656c_36tg6r0000gn/T/quad50-native-7q4pCl/DerivedQA/ModuleCache.noindex/DeveloperToolsSupport-DBLZSGHGRTLCZGD6VL8P9LU5S.pcm

SwiftExplicitDependencyGeneratePcm arm64 /var/folders/gs/xz_1j4vj0jl68656c_36tg6r0000gn/T/quad50-native-7q4pCl/DerivedQA/ModuleCache.noindex/_Builtin_stddef-D96KM65T9HUQWV3DQVO8BX428.pcm

SwiftExplicitDependencyGeneratePcm arm64 /var/folders/gs/xz_1j4vj0jl68656c_36tg6r0000gn/T/quad50-native-7q4pCl/DerivedQA/ModuleCache.noindex/SwiftShims-3NMX5SOTCCTPRS7MALHQXDKLC.pcm

SwiftExplicitDependencyGeneratePcm arm64 /var/folders/gs/xz_1j4vj0jl68656c_36tg6r0000gn/T/quad50-native-7q4pCl/DerivedQA/ModuleCache.noindex/ptrcheck-8FJN10WHR70UJ3E0SHOZYQ6M0.pcm

SwiftExplicitDependencyGeneratePcm arm64 /var/folders/gs/xz_1j4vj0jl68656c_36tg6r0000gn/T/quad50-native-7q4pCl/DerivedQA/ModuleCache.noindex/_Builtin_stdbool-8HPIJ95I5G9W545D4QC20MEKQ.pcm

SwiftExplicitDependencyGeneratePcm arm64 /var/folders/gs/xz_1j4vj0jl68656c_36tg6r0000gn/T/quad50-native-7q4pCl/DerivedQA/ModuleCache.noindex/_DarwinFoundation1-646Y1FDJW2SFJJBGI1R8RP2CF.pcm

SwiftExplicitDependencyGeneratePcm arm64 /var/folders/gs/xz_1j4vj0jl68656c_36tg6r0000gn/T/quad50-native-7q4pCl/DerivedQA/ModuleCache.noindex/_DarwinFoundation2-ABHMA721T8UR7E6M3CBS8CZMU.pcm

SwiftExplicitDependencyGeneratePcm arm64 /var/folders/gs/xz_1j4vj0jl68656c_36tg6r0000gn/T/quad50-native-7q4pCl/DerivedQA/ModuleCache.noindex/_Builtin_limits-B0K9U8ORCSMEK7T9NLZVNYJMD.pcm

SwiftExplicitDependencyGeneratePcm arm64 /var/folders/gs/xz_1j4vj0jl68656c_36tg6r0000gn/T/quad50-native-7q4pCl/DerivedQA/ModuleCache.noindex/sys_types-8ZS64V0PGZCAPQMW6HJ3BY7YR.pcm

SwiftExplicitDependencyGeneratePcm arm64 /var/folders/gs/xz_1j4vj0jl68656c_36tg6r0000gn/T/quad50-native-7q4pCl/DerivedQA/ModuleCache.noindex/_Builtin_stdint-5MLE50ZWDRQEJYI33OY6OWQCN.pcm

SwiftExplicitDependencyGeneratePcm arm64 /var/folders/gs/xz_1j4vj0jl68656c_36tg6r0000gn/T/quad50-native-7q4pCl/DerivedQA/ModuleCache.noindex/_Builtin_tgmath-2K43APGF7YJHJAXOEVJXT9SN2.pcm

SwiftExplicitDependencyGeneratePcm arm64 /var/folders/gs/xz_1j4vj0jl68656c_36tg6r0000gn/T/quad50-native-7q4pCl/DerivedQA/ModuleCache.noindex/_DarwinFoundation3-7ZDURA6SP7ACXJ5H17GP8NM65.pcm

SwiftExplicitDependencyGeneratePcm arm64 /var/folders/gs/xz_1j4vj0jl68656c_36tg6r0000gn/T/quad50-native-7q4pCl/DerivedQA/ModuleCache.noindex/_Builtin_stdatomic-3TP9YFA50LB0ZL5K2U3B3U8PV.pcm

SwiftExplicitDependencyGeneratePcm arm64 /var/folders/gs/xz_1j4vj0jl68656c_36tg6r0000gn/T/quad50-native-7q4pCl/DerivedQA/ModuleCache.noindex/_Builtin_intrinsics-DMLKGOER63Y348GEPQ0WD7ROM.pcm

SwiftExplicitDependencyGeneratePcm arm64 /var/folders/gs/xz_1j4vj0jl68656c_36tg6r0000gn/T/quad50-native-7q4pCl/DerivedQA/ModuleCache.noindex/_Builtin_inttypes-91MHPWT4627JBSQ53TF0RQKUX.pcm

SwiftExplicitDependencyGeneratePcm arm64 /var/folders/gs/xz_1j4vj0jl68656c_36tg6r0000gn/T/quad50-native-7q4pCl/DerivedQA/ModuleCache.noindex/Darwin-4SSTKQ2B63B693VTOCP95HBGO.pcm

SwiftExplicitDependencyGeneratePcm arm64 /var/folders/gs/xz_1j4vj0jl68656c_36tg6r0000gn/T/quad50-native-7q4pCl/DerivedQA/ModuleCache.noindex/simd-8KGVZY57473XMNUH99PAJ9UKC.pcm

SwiftExplicitDependencyGeneratePcm arm64 /var/folders/gs/xz_1j4vj0jl68656c_36tg6r0000gn/T/quad50-native-7q4pCl/DerivedQA/ModuleCache.noindex/MachO-72EMKG1KFSNLPZ0OH1DB16FLS.pcm

SwiftExplicitDependencyGeneratePcm arm64 /var/folders/gs/xz_1j4vj0jl68656c_36tg6r0000gn/T/quad50-native-7q4pCl/DerivedQA/ModuleCache.noindex/ObjectiveC-5JA4AVA5PNQOHO08PKE6H1B1N.pcm

SwiftExplicitDependencyGeneratePcm arm64 /var/folders/gs/xz_1j4vj0jl68656c_36tg6r0000gn/T/quad50-native-7q4pCl/DerivedQA/ModuleCache.noindex/os_object-ESPVL1G0PD66U079LTK66UUVB.pcm

SwiftExplicitDependencyGeneratePcm arm64 /var/folders/gs/xz_1j4vj0jl68656c_36tg6r0000gn/T/quad50-native-7q4pCl/DerivedQA/ModuleCache.noindex/os_workgroup-9RICPVQPI5EGE6CTCPJ5NY0F9.pcm

SwiftExplicitDependencyGeneratePcm arm64 /var/folders/gs/xz_1j4vj0jl68656c_36tg6r0000gn/T/quad50-native-7q4pCl/DerivedQA/ModuleCache.noindex/Spatial-EJ8AO5IYMYJUGJAGLECVQBZMZ.pcm

SwiftExplicitDependencyGeneratePcm arm64 /var/folders/gs/xz_1j4vj0jl68656c_36tg6r0000gn/T/quad50-native-7q4pCl/DerivedQA/ModuleCache.noindex/Dispatch-5YQO81S3WY7N75PWC20NRX9V8.pcm

SwiftExplicitDependencyGeneratePcm arm64 /var/folders/gs/xz_1j4vj0jl68656c_36tg6r0000gn/T/quad50-native-7q4pCl/DerivedQA/ModuleCache.noindex/CoreFoundation-DTYWPFES56OWGFFRO7SUJKGHC.pcm

SwiftExplicitDependencyGeneratePcm arm64 /var/folders/gs/xz_1j4vj0jl68656c_36tg6r0000gn/T/quad50-native-7q4pCl/DerivedQA/ModuleCache.noindex/dnssd-22ZELGN8AYC00XKPJM0U4MJQV.pcm

SwiftExplicitDependencyGeneratePcm arm64 /var/folders/gs/xz_1j4vj0jl68656c_36tg6r0000gn/T/quad50-native-7q4pCl/DerivedQA/ModuleCache.noindex/XPC-E8CR0MS4M8VN05WU9N6KPLDQM.pcm

SwiftExplicitDependencyGeneratePcm arm64 /var/folders/gs/xz_1j4vj0jl68656c_36tg6r0000gn/T/quad50-native-7q4pCl/DerivedQA/ModuleCache.noindex/os-DMIO0EMK0DGYU6C4704JRT9YD.pcm

SwiftExplicitDependencyGeneratePcm arm64 /var/folders/gs/xz_1j4vj0jl68656c_36tg6r0000gn/T/quad50-native-7q4pCl/DerivedQA/ModuleCache.noindex/Security-4YO15H4CUH9CJTISVXLL9RIOM.pcm

SwiftExplicitDependencyGeneratePcm arm64 /var/folders/gs/xz_1j4vj0jl68656c_36tg6r0000gn/T/quad50-native-7q4pCl/DerivedQA/ModuleCache.noindex/CFNetwork-6S7OIT0H40AIX4G0OCVN93RPZ.pcm

SwiftExplicitDependencyGeneratePcm arm64 /var/folders/gs/xz_1j4vj0jl68656c_36tg6r0000gn/T/quad50-native-7q4pCl/DerivedQA/ModuleCache.noindex/CoreGraphics-AATT3KVBEOTE3OAI6JR1V2SBF.pcm

SwiftExplicitDependencyGeneratePcm arm64 /var/folders/gs/xz_1j4vj0jl68656c_36tg6r0000gn/T/quad50-native-7q4pCl/DerivedQA/ModuleCache.noindex/Foundation-5CD3C1AX42H0VVV1AYUQQXCNZ.pcm

SwiftExplicitDependencyGeneratePcm arm64 /var/folders/gs/xz_1j4vj0jl68656c_36tg6r0000gn/T/quad50-native-7q4pCl/DerivedQA/ModuleCache.noindex/ImageIO-5JWHJDA01UG50149U1FV1SKP2.pcm

SwiftExplicitDependencyGeneratePcm arm64 /var/folders/gs/xz_1j4vj0jl68656c_36tg6r0000gn/T/quad50-native-7q4pCl/DerivedQA/ModuleCache.noindex/CoreText-BDG0N4HFDX5XPQYONEV8MZOQC.pcm

SwiftExplicitDependencyGeneratePcm arm64 /var/folders/gs/xz_1j4vj0jl68656c_36tg6r0000gn/T/quad50-native-7q4pCl/DerivedQA/ModuleCache.noindex/UniformTypeIdentifiers-BLP6WD1V4ZKPTG8QWA7W7C2I8.pcm

SwiftExplicitDependencyGeneratePcm arm64 /var/folders/gs/xz_1j4vj0jl68656c_36tg6r0000gn/T/quad50-native-7q4pCl/DerivedQA/ModuleCache.noindex/FileProvider-8C0J0Q7JKUGN0ZL2MYZRE12R1.pcm

SwiftExplicitDependencyGeneratePcm arm64 /var/folders/gs/xz_1j4vj0jl68656c_36tg6r0000gn/T/quad50-native-7q4pCl/DerivedQA/ModuleCache.noindex/Accessibility-DSMLII07JYZK28E9TLJKBQAS9.pcm

SwiftExplicitDependencyGeneratePcm arm64 /var/folders/gs/xz_1j4vj0jl68656c_36tg6r0000gn/T/quad50-native-7q4pCl/DerivedQA/ModuleCache.noindex/Network-DKZM41AC4MZW7HF0KM3F9B2F5.pcm

SwiftExplicitDependencyGeneratePcm arm64 /var/folders/gs/xz_1j4vj0jl68656c_36tg6r0000gn/T/quad50-native-7q4pCl/DerivedQA/ModuleCache.noindex/UserNotifications-EC3RNC1NLSIEFJ10J3ZJD6AWT.pcm

SwiftExplicitDependencyGeneratePcm arm64 /var/folders/gs/xz_1j4vj0jl68656c_36tg6r0000gn/T/quad50-native-7q4pCl/DerivedQA/ModuleCache.noindex/DataDetection-A1TV193XXN4TGR9CCVRM3I3OE.pcm

SwiftExplicitDependencyGeneratePcm arm64 /var/folders/gs/xz_1j4vj0jl68656c_36tg6r0000gn/T/quad50-native-7q4pCl/DerivedQA/ModuleCache.noindex/OpenGLES-4RFJ3WSU38SGN09RIAJODTMWJ.pcm

SwiftExplicitDependencyGeneratePcm arm64 /var/folders/gs/xz_1j4vj0jl68656c_36tg6r0000gn/T/quad50-native-7q4pCl/DerivedQA/ModuleCache.noindex/UIUtilities-9QCHUXRCK69ZVKO9PKN0V3752.pcm

SwiftExplicitDependencyGeneratePcm arm64 /var/folders/gs/xz_1j4vj0jl68656c_36tg6r0000gn/T/quad50-native-7q4pCl/DerivedQA/ModuleCache.noindex/OSLog-8TCCSEMSG7EQ1WE64K4Q4W1J0.pcm

SwiftExplicitDependencyGeneratePcm arm64 /var/folders/gs/xz_1j4vj0jl68656c_36tg6r0000gn/T/quad50-native-7q4pCl/DerivedQA/ModuleCache.noindex/CoreTransferable-AO7Z8U81HIVU9VDYUCKQSK3L7.pcm

SwiftExplicitDependencyGeneratePcm arm64 /var/folders/gs/xz_1j4vj0jl68656c_36tg6r0000gn/T/quad50-native-7q4pCl/DerivedQA/ModuleCache.noindex/IOSurface-C168WMGRVXBTU4D67UUG3XLTB.pcm

SwiftExplicitDependencyGeneratePcm arm64 /var/folders/gs/xz_1j4vj0jl68656c_36tg6r0000gn/T/quad50-native-7q4pCl/DerivedQA/ModuleCache.noindex/Symbols-2S9D7GW5VK8AJWEFIRGWMOB2A.pcm

SwiftExplicitDependencyGeneratePcm arm64 /var/folders/gs/xz_1j4vj0jl68656c_36tg6r0000gn/T/quad50-native-7q4pCl/DerivedQA/ModuleCache.noindex/Metal-62WBX5PUM4QVOGY90W7QTUSUC.pcm

SwiftExplicitDependencyGeneratePcm arm64 /var/folders/gs/xz_1j4vj0jl68656c_36tg6r0000gn/T/quad50-native-7q4pCl/DerivedQA/ModuleCache.noindex/CoreVideo-BX06JJEBCP650YT5PGUGH4REH.pcm

SwiftExplicitDependencyGeneratePcm arm64 /var/folders/gs/xz_1j4vj0jl68656c_36tg6r0000gn/T/quad50-native-7q4pCl/DerivedQA/ModuleCache.noindex/CoreImage-8K89N515M7XQGULFHRTJGYJSN.pcm

SwiftExplicitDependencyGeneratePcm arm64 /var/folders/gs/xz_1j4vj0jl68656c_36tg6r0000gn/T/quad50-native-7q4pCl/DerivedQA/ModuleCache.noindex/QuartzCore-EM3LGDY6VPLA32DZR6BZ00T6T.pcm

SwiftExplicitDependencyGeneratePcm arm64 /var/folders/gs/xz_1j4vj0jl68656c_36tg6r0000gn/T/quad50-native-7q4pCl/DerivedQA/ModuleCache.noindex/SwiftUICore-DXM7GUBY1KGZJY2GTKZ0HAFVD.pcm

SwiftExplicitDependencyGeneratePcm arm64 /var/folders/gs/xz_1j4vj0jl68656c_36tg6r0000gn/T/quad50-native-7q4pCl/DerivedQA/ModuleCache.noindex/UIKit-6WRFCO1ZK15PM58GT8UD10IGX.pcm

SwiftExplicitDependencyGeneratePcm arm64 /var/folders/gs/xz_1j4vj0jl68656c_36tg6r0000gn/T/quad50-native-7q4pCl/DerivedQA/ModuleCache.noindex/WebKit-D5Y3SVIJWTSTM1V6WEDJHDB8O.pcm

SwiftEmitModule normal arm64 Emitting\ module\ for\ QUADTest (in target 'QUADTest' from project 'QUADTest')

SwiftCompile normal arm64 /var/folders/gs/xz_1j4vj0jl68656c_36tg6r0000gn/T/quad50-native-7q4pCl/qa/App.swift (in target 'QUADTest' from project 'QUADTest')
    cd /var/folders/gs/xz_1j4vj0jl68656c_36tg6r0000gn/T/quad50-native-7q4pCl/qa
    

SwiftCompile normal arm64 Compiling\ App.swift /var/folders/gs/xz_1j4vj0jl68656c_36tg6r0000gn/T/quad50-native-7q4pCl/qa/App.swift (in target 'QUADTest' from project 'QUADTest')
SwiftCompile normal arm64 /var/folders/gs/xz_1j4vj0jl68656c_36tg6r0000gn/T/quad50-native-7q4pCl/qa/App.swift (in target 'QUADTest' from project 'QUADTest')
    cd /var/folders/gs/xz_1j4vj0jl68656c_36tg6r0000gn/T/quad50-native-7q4pCl/qa
    

SwiftDriverJobDiscovery normal arm64 Emitting module for QUADTest (in target 'QUADTest' from project 'QUADTest')

SwiftDriver\ Compilation\ Requirements QUADTest normal arm64 com.apple.xcode.tools.swift.compiler (in target 'QUADTest' from project 'QUADTest')
    cd /var/folders/gs/xz_1j4vj0jl68656c_36tg6r0000gn/T/quad50-native-7q4pCl/qa
    builtin-Swift-Compilation-Requirements -- /Applications/Xcode.app/Contents/Developer/Toolchains/XcodeDefault.xctoolchain/usr/bin/swiftc -module-name QUADTest -O @/var/folders/gs/xz_1j4vj0jl68656c_36tg6r0000gn/T/quad50-native-7q4pCl/DerivedQA/Build/Intermediates.noindex/QUADTest.build/Debug-iphonesimulator/QUADTest.build/Objects-normal/arm64/QUADTest.SwiftFileList -enable-bare-slash-regex -enable-experimental-feature DebugDescriptionMacro -sdk /Applications/Xcode.app/Contents/Developer/Platforms/iPhoneSimulator.platform/Developer/SDKs/iPhoneSimulator26.5.sdk -target arm64-apple-ios16.4-simulator -g -module-cache-path /var/folders/gs/xz_1j4vj0jl68656c_36tg6r0000gn/T/quad50-native-7q4pCl/ModuleCache -Xfrontend -serialize-debugging-options -swift-version 5 -I /var/folders/gs/xz_1j4vj0jl68656c_36tg6r0000gn/T/quad50-native-7q4pCl/DerivedQA/Build/Products/Debug-iphonesimulator -F /var/folders/gs/xz_1j4vj0jl68656c_36tg6r0000gn/T/quad50-native-7q4pCl/DerivedQA/Build/Products/Debug-iphonesimulator -parse-as-library -c -j8 -enable-batch-mode -incremental -Xcc -ivfsstatcache -Xcc /var/folders/gs/xz_1j4vj0jl68656c_36tg6r0000gn/T/quad50-native-7q4pCl/DerivedQA/SDKStatCaches.noindex/iphonesimulator26.5-23F81a-6cfe768891a92b912361537c460fe42b.sdkstatcache -output-file-map /var/folders/gs/xz_1j4vj0jl68656c_36tg6r0000gn/T/quad50-native-7q4pCl/DerivedQA/Build/Intermediates.noindex/QUADTest.build/Debug-iphonesimulator/QUADTest.build/Objects-normal/arm64/QUADTest-OutputFileMap.json -use-frontend-parseable-output -save-temps -no-color-diagnostics -explicit-module-build -module-cache-path /var/folders/gs/xz_1j4vj0jl68656c_36tg6r0000gn/T/quad50-native-7q4pCl/DerivedQA/Build/Intermediates.noindex/SwiftExplicitPrecompiledModules -clang-scanner-module-cache-path /var/folders/gs/xz_1j4vj0jl68656c_36tg6r0000gn/T/quad50-native-7q4pCl/DerivedQA/ModuleCache.noindex -sdk-module-cache-path /var/folders/gs/xz_1j4vj0jl68656c_36tg6r0000gn/T/quad50-native-7q4pCl/DerivedQA/ModuleCache.noindex -serialize-diagnostics -emit-dependencies -emit-module -emit-module-path /var/folders/gs/xz_1j4vj0jl68656c_36tg6r0000gn/T/quad50-native-7q4pCl/DerivedQA/Build/Intermediates.noindex/QUADTest.build/Debug-iphonesimulator/QUADTest.build/Objects-normal/arm64/QUADTest.swiftmodule -validate-clang-modules-once -clang-build-session-file /var/folders/gs/xz_1j4vj0jl68656c_36tg6r0000gn/T/quad50-native-7q4pCl/DerivedQA/ModuleCache.noindex/Session.modulevalidation -Xcc -I/var/folders/gs/xz_1j4vj0jl68656c_36tg6r0000gn/T/quad50-native-7q4pCl/DerivedQA/Build/Intermediates.noindex/QUADTest.build/Debug-iphonesimulator/QUADTest.build/swift-overrides.hmap -emit-const-values -Xfrontend -const-gather-protocols-file -Xfrontend /var/folders/gs/xz_1j4vj0jl68656c_36tg6r0000gn/T/quad50-native-7q4pCl/DerivedQA/Build/Intermediates.noindex/QUADTest.build/Debug-iphonesimulator/QUADTest.build/Objects-normal/arm64/QUADTest_const_extract_protocols.json -Xcc -iquote -Xcc /var/folders/gs/xz_1j4vj0jl68656c_36tg6r0000gn/T/quad50-native-7q4pCl/DerivedQA/Build/Intermediates.noindex/QUADTest.build/Debug-iphonesimulator/QUADTest.build/QUADTest-generated-files.hmap -Xcc -I/var/folders/gs/xz_1j4vj0jl68656c_36tg6r0000gn/T/quad50-native-7q4pCl/DerivedQA/Build/Intermediates.noindex/QUADTest.build/Debug-iphonesimulator/QUADTest.build/QUADTest-own-target-headers.hmap -Xcc -I/var/folders/gs/xz_1j4vj0jl68656c_36tg6r0000gn/T/quad50-native-7q4pCl/DerivedQA/Build/Intermediates.noindex/QUADTest.build/Debug-iphonesimulator/QUADTest.build/QUADTest-all-target-headers.hmap -Xcc -iquote -Xcc /var/folders/gs/xz_1j4vj0jl68656c_36tg6r0000gn/T/quad50-native-7q4pCl/DerivedQA/Build/Intermediates.noindex/QUADTest.build/Debug-iphonesimulator/QUADTest.build/QUADTest-project-headers.hmap -Xcc -I/var/folders/gs/xz_1j4vj0jl68656c_36tg6r0000gn/T/quad50-native-7q4pCl/DerivedQA/Build/Products/Debug-iphonesimulator/include -Xcc -I/var/folders/gs/xz_1j4vj0jl68656c_36tg6r0000gn/T/quad50-native-7q4pCl/DerivedQA/Build/Intermediates.noindex/QUADTest.build/Debug-iphonesimulator/QUADTest.build/DerivedSources-normal/arm64 -Xcc -I/var/folders/gs/xz_1j4vj0jl68656c_36tg6r0000gn/T/quad50-native-7q4pCl/DerivedQA/Build/Intermediates.noindex/QUADTest.build/Debug-iphonesimulator/QUADTest.build/DerivedSources/arm64 -Xcc -I/var/folders/gs/xz_1j4vj0jl68656c_36tg6r0000gn/T/quad50-native-7q4pCl/DerivedQA/Build/Intermediates.noindex/QUADTest.build/Debug-iphonesimulator/QUADTest.build/DerivedSources -emit-objc-header -emit-objc-header-path /var/folders/gs/xz_1j4vj0jl68656c_36tg6r0000gn/T/quad50-native-7q4pCl/DerivedQA/Build/Intermediates.noindex/QUADTest.build/Debug-iphonesimulator/QUADTest.build/Objects-normal/arm64/QUADTest-Swift.h -working-directory /var/folders/gs/xz_1j4vj0jl68656c_36tg6r0000gn/T/quad50-native-7q4pCl/qa -experimental-emit-module-separately -disable-cmo

SwiftMergeGeneratedHeaders /var/folders/gs/xz_1j4vj0jl68656c_36tg6r0000gn/T/quad50-native-7q4pCl/DerivedQA/Build/Intermediates.noindex/QUADTest.build/Debug-iphonesimulator/QUADTest.build/DerivedSources/QUADTest-Swift.h /var/folders/gs/xz_1j4vj0jl68656c_36tg6r0000gn/T/quad50-native-7q4pCl/DerivedQA/Build/Intermediates.noindex/QUADTest.build/Debug-iphonesimulator/QUADTest.build/Objects-normal/arm64/QUADTest-Swift.h (in target 'QUADTest' from project 'QUADTest')
    cd /var/folders/gs/xz_1j4vj0jl68656c_36tg6r0000gn/T/quad50-native-7q4pCl/qa
    builtin-swiftHeaderTool -arch arm64 /var/folders/gs/xz_1j4vj0jl68656c_36tg6r0000gn/T/quad50-native-7q4pCl/DerivedQA/Build/Intermediates.noindex/QUADTest.build/Debug-iphonesimulator/QUADTest.build/Objects-normal/arm64/QUADTest-Swift.h -o /var/folders/gs/xz_1j4vj0jl68656c_36tg6r0000gn/T/quad50-native-7q4pCl/DerivedQA/Build/Intermediates.noindex/QUADTest.build/Debug-iphonesimulator/QUADTest.build/DerivedSources/QUADTest-Swift.h

Copy /var/folders/gs/xz_1j4vj0jl68656c_36tg6r0000gn/T/quad50-native-7q4pCl/DerivedQA/Build/Products/Debug-iphonesimulator/QUADTest.swiftmodule/arm64-apple-ios-simulator.swiftmodule /var/folders/gs/xz_1j4vj0jl68656c_36tg6r0000gn/T/quad50-native-7q4pCl/DerivedQA/Build/Intermediates.noindex/QUADTest.build/Debug-iphonesimulator/QUADTest.build/Objects-normal/arm64/QUADTest.swiftmodule (in target 'QUADTest' from project 'QUADTest')
    cd /var/folders/gs/xz_1j4vj0jl68656c_36tg6r0000gn/T/quad50-native-7q4pCl/qa
    builtin-copy -exclude .DS_Store -exclude CVS -exclude .svn -exclude .git -exclude .hg -strip-unsigned-binaries -strip-deterministic -strip-tool /Applications/Xcode.app/Contents/Developer/Toolchains/XcodeDefault.xctoolchain/usr/bin/strip -resolve-src-symlinks -rename /var/folders/gs/xz_1j4vj0jl68656c_36tg6r0000gn/T/quad50-native-7q4pCl/DerivedQA/Build/Intermediates.noindex/QUADTest.build/Debug-iphonesimulator/QUADTest.build/Objects-normal/arm64/QUADTest.swiftmodule /var/folders/gs/xz_1j4vj0jl68656c_36tg6r0000gn/T/quad50-native-7q4pCl/DerivedQA/Build/Products/Debug-iphonesimulator/QUADTest.swiftmodule/arm64-apple-ios-simulator.swiftmodule

Copy /var/folders/gs/xz_1j4vj0jl68656c_36tg6r0000gn/T/quad50-native-7q4pCl/DerivedQA/Build/Products/Debug-iphonesimulator/QUADTest.swiftmodule/arm64-apple-ios-simulator.swiftdoc /var/folders/gs/xz_1j4vj0jl68656c_36tg6r0000gn/T/quad50-native-7q4pCl/DerivedQA/Build/Intermediates.noindex/QUADTest.build/Debug-iphonesimulator/QUADTest.build/Objects-normal/arm64/QUADTest.swiftdoc (in target 'QUADTest' from project 'QUADTest')
    cd /var/folders/gs/xz_1j4vj0jl68656c_36tg6r0000gn/T/quad50-native-7q4pCl/qa
    builtin-copy -exclude .DS_Store -exclude CVS -exclude .svn -exclude .git -exclude .hg -strip-unsigned-binaries -strip-deterministic -strip-tool /Applications/Xcode.app/Contents/Developer/Toolchains/XcodeDefault.xctoolchain/usr/bin/strip -resolve-src-symlinks -rename /var/folders/gs/xz_1j4vj0jl68656c_36tg6r0000gn/T/quad50-native-7q4pCl/DerivedQA/Build/Intermediates.noindex/QUADTest.build/Debug-iphonesimulator/QUADTest.build/Objects-normal/arm64/QUADTest.swiftdoc /var/folders/gs/xz_1j4vj0jl68656c_36tg6r0000gn/T/quad50-native-7q4pCl/DerivedQA/Build/Products/Debug-iphonesimulator/QUADTest.swiftmodule/arm64-apple-ios-simulator.swiftdoc

Copy /var/folders/gs/xz_1j4vj0jl68656c_36tg6r0000gn/T/quad50-native-7q4pCl/DerivedQA/Build/Products/Debug-iphonesimulator/QUADTest.swiftmodule/arm64-apple-ios-simulator.abi.json /var/folders/gs/xz_1j4vj0jl68656c_36tg6r0000gn/T/quad50-native-7q4pCl/DerivedQA/Build/Intermediates.noindex/QUADTest.build/Debug-iphonesimulator/QUADTest.build/Objects-normal/arm64/QUADTest.abi.json (in target 'QUADTest' from project 'QUADTest')
    cd /var/folders/gs/xz_1j4vj0jl68656c_36tg6r0000gn/T/quad50-native-7q4pCl/qa
    builtin-copy -exclude .DS_Store -exclude CVS -exclude .svn -exclude .git -exclude .hg -strip-unsigned-binaries -strip-deterministic -strip-tool /Applications/Xcode.app/Contents/Developer/Toolchains/XcodeDefault.xctoolchain/usr/bin/strip -resolve-src-symlinks -rename /var/folders/gs/xz_1j4vj0jl68656c_36tg6r0000gn/T/quad50-native-7q4pCl/DerivedQA/Build/Intermediates.noindex/QUADTest.build/Debug-iphonesimulator/QUADTest.build/Objects-normal/arm64/QUADTest.abi.json /var/folders/gs/xz_1j4vj0jl68656c_36tg6r0000gn/T/quad50-native-7q4pCl/DerivedQA/Build/Products/Debug-iphonesimulator/QUADTest.swiftmodule/arm64-apple-ios-simulator.abi.json

Copy /var/folders/gs/xz_1j4vj0jl68656c_36tg6r0000gn/T/quad50-native-7q4pCl/DerivedQA/Build/Products/Debug-iphonesimulator/QUADTest.swiftmodule/Project/arm64-apple-ios-simulator.swiftsourceinfo /var/folders/gs/xz_1j4vj0jl68656c_36tg6r0000gn/T/quad50-native-7q4pCl/DerivedQA/Build/Intermediates.noindex/QUADTest.build/Debug-iphonesimulator/QUADTest.build/Objects-normal/arm64/QUADTest.swiftsourceinfo (in target 'QUADTest' from project 'QUADTest')
    cd /var/folders/gs/xz_1j4vj0jl68656c_36tg6r0000gn/T/quad50-native-7q4pCl/qa
    builtin-copy -exclude .DS_Store -exclude CVS -exclude .svn -exclude .git -exclude .hg -strip-unsigned-binaries -strip-deterministic -strip-tool /Applications/Xcode.app/Contents/Developer/Toolchains/XcodeDefault.xctoolchain/usr/bin/strip -resolve-src-symlinks -rename /var/folders/gs/xz_1j4vj0jl68656c_36tg6r0000gn/T/quad50-native-7q4pCl/DerivedQA/Build/Intermediates.noindex/QUADTest.build/Debug-iphonesimulator/QUADTest.build/Objects-normal/arm64/QUADTest.swiftsourceinfo /var/folders/gs/xz_1j4vj0jl68656c_36tg6r0000gn/T/quad50-native-7q4pCl/DerivedQA/Build/Products/Debug-iphonesimulator/QUADTest.swiftmodule/Project/arm64-apple-ios-simulator.swiftsourceinfo

SwiftDriverJobDiscovery normal arm64 Compiling App.swift (in target 'QUADTest' from project 'QUADTest')

SwiftDriver\ Compilation QUADTest normal arm64 com.apple.xcode.tools.swift.compiler (in target 'QUADTest' from project 'QUADTest')
    cd /var/folders/gs/xz_1j4vj0jl68656c_36tg6r0000gn/T/quad50-native-7q4pCl/qa
    builtin-Swift-Compilation -- /Applications/Xcode.app/Contents/Developer/Toolchains/XcodeDefault.xctoolchain/usr/bin/swiftc -module-name QUADTest -O @/var/folders/gs/xz_1j4vj0jl68656c_36tg6r0000gn/T/quad50-native-7q4pCl/DerivedQA/Build/Intermediates.noindex/QUADTest.build/Debug-iphonesimulator/QUADTest.build/Objects-normal/arm64/QUADTest.SwiftFileList -enable-bare-slash-regex -enable-experimental-feature DebugDescriptionMacro -sdk /Applications/Xcode.app/Contents/Developer/Platforms/iPhoneSimulator.platform/Developer/SDKs/iPhoneSimulator26.5.sdk -target arm64-apple-ios16.4-simulator -g -module-cache-path /var/folders/gs/xz_1j4vj0jl68656c_36tg6r0000gn/T/quad50-native-7q4pCl/ModuleCache -Xfrontend -serialize-debugging-options -swift-version 5 -I /var/folders/gs/xz_1j4vj0jl68656c_36tg6r0000gn/T/quad50-native-7q4pCl/DerivedQA/Build/Products/Debug-iphonesimulator -F /var/folders/gs/xz_1j4vj0jl68656c_36tg6r0000gn/T/quad50-native-7q4pCl/DerivedQA/Build/Products/Debug-iphonesimulator -parse-as-library -c -j8 -enable-batch-mode -incremental -Xcc -ivfsstatcache -Xcc /var/folders/gs/xz_1j4vj0jl68656c_36tg6r0000gn/T/quad50-native-7q4pCl/DerivedQA/SDKStatCaches.noindex/iphonesimulator26.5-23F81a-6cfe768891a92b912361537c460fe42b.sdkstatcache -output-file-map /var/folders/gs/xz_1j4vj0jl68656c_36tg6r0000gn/T/quad50-native-7q4pCl/DerivedQA/Build/Intermediates.noindex/QUADTest.build/Debug-iphonesimulator/QUADTest.build/Objects-normal/arm64/QUADTest-OutputFileMap.json -use-frontend-parseable-output -save-temps -no-color-diagnostics -explicit-module-build -module-cache-path /var/folders/gs/xz_1j4vj0jl68656c_36tg6r0000gn/T/quad50-native-7q4pCl/DerivedQA/Build/Intermediates.noindex/SwiftExplicitPrecompiledModules -clang-scanner-module-cache-path /var/folders/gs/xz_1j4vj0jl68656c_36tg6r0000gn/T/quad50-native-7q4pCl/DerivedQA/ModuleCache.noindex -sdk-module-cache-path /var/folders/gs/xz_1j4vj0jl68656c_36tg6r0000gn/T/quad50-native-7q4pCl/DerivedQA/ModuleCache.noindex -serialize-diagnostics -emit-dependencies -emit-module -emit-module-path /var/folders/gs/xz_1j4vj0jl68656c_36tg6r0000gn/T/quad50-native-7q4pCl/DerivedQA/Build/Intermediates.noindex/QUADTest.build/Debug-iphonesimulator/QUADTest.build/Objects-normal/arm64/QUADTest.swiftmodule -validate-clang-modules-once -clang-build-session-file /var/folders/gs/xz_1j4vj0jl68656c_36tg6r0000gn/T/quad50-native-7q4pCl/DerivedQA/ModuleCache.noindex/Session.modulevalidation -Xcc -I/var/folders/gs/xz_1j4vj0jl68656c_36tg6r0000gn/T/quad50-native-7q4pCl/DerivedQA/Build/Intermediates.noindex/QUADTest.build/Debug-iphonesimulator/QUADTest.build/swift-overrides.hmap -emit-const-values -Xfrontend -const-gather-protocols-file -Xfrontend /var/folders/gs/xz_1j4vj0jl68656c_36tg6r0000gn/T/quad50-native-7q4pCl/DerivedQA/Build/Intermediates.noindex/QUADTest.build/Debug-iphonesimulator/QUADTest.build/Objects-normal/arm64/QUADTest_const_extract_protocols.json -Xcc -iquote -Xcc /var/folders/gs/xz_1j4vj0jl68656c_36tg6r0000gn/T/quad50-native-7q4pCl/DerivedQA/Build/Intermediates.noindex/QUADTest.build/Debug-iphonesimulator/QUADTest.build/QUADTest-generated-files.hmap -Xcc -I/var/folders/gs/xz_1j4vj0jl68656c_36tg6r0000gn/T/quad50-native-7q4pCl/DerivedQA/Build/Intermediates.noindex/QUADTest.build/Debug-iphonesimulator/QUADTest.build/QUADTest-own-target-headers.hmap -Xcc -I/var/folders/gs/xz_1j4vj0jl68656c_36tg6r0000gn/T/quad50-native-7q4pCl/DerivedQA/Build/Intermediates.noindex/QUADTest.build/Debug-iphonesimulator/QUADTest.build/QUADTest-all-target-headers.hmap -Xcc -iquote -Xcc /var/folders/gs/xz_1j4vj0jl68656c_36tg6r0000gn/T/quad50-native-7q4pCl/DerivedQA/Build/Intermediates.noindex/QUADTest.build/Debug-iphonesimulator/QUADTest.build/QUADTest-project-headers.hmap -Xcc -I/var/folders/gs/xz_1j4vj0jl68656c_36tg6r0000gn/T/quad50-native-7q4pCl/DerivedQA/Build/Products/Debug-iphonesimulator/include -Xcc -I/var/folders/gs/xz_1j4vj0jl68656c_36tg6r0000gn/T/quad50-native-7q4pCl/DerivedQA/Build/Intermediates.noindex/QUADTest.build/Debug-iphonesimulator/QUADTest.build/DerivedSources-normal/arm64 -Xcc -I/var/folders/gs/xz_1j4vj0jl68656c_36tg6r0000gn/T/quad50-native-7q4pCl/DerivedQA/Build/Intermediates.noindex/QUADTest.build/Debug-iphonesimulator/QUADTest.build/DerivedSources/arm64 -Xcc -I/var/folders/gs/xz_1j4vj0jl68656c_36tg6r0000gn/T/quad50-native-7q4pCl/DerivedQA/Build/Intermediates.noindex/QUADTest.build/Debug-iphonesimulator/QUADTest.build/DerivedSources -emit-objc-header -emit-objc-header-path /var/folders/gs/xz_1j4vj0jl68656c_36tg6r0000gn/T/quad50-native-7q4pCl/DerivedQA/Build/Intermediates.noindex/QUADTest.build/Debug-iphonesimulator/QUADTest.build/Objects-normal/arm64/QUADTest-Swift.h -working-directory /var/folders/gs/xz_1j4vj0jl68656c_36tg6r0000gn/T/quad50-native-7q4pCl/qa -experimental-emit-module-separately -disable-cmo

Ld /var/folders/gs/xz_1j4vj0jl68656c_36tg6r0000gn/T/quad50-native-7q4pCl/DerivedQA/Build/Products/Debug-iphonesimulator/QUADTest.app/QUADTest normal (in target 'QUADTest' from project 'QUADTest')
    cd /var/folders/gs/xz_1j4vj0jl68656c_36tg6r0000gn/T/quad50-native-7q4pCl/qa
    /Applications/Xcode.app/Contents/Developer/Toolchains/XcodeDefault.xctoolchain/usr/bin/clang -Xlinker -reproducible -target arm64-apple-ios16.4-simulator -isysroot /Applications/Xcode.app/Contents/Developer/Platforms/iPhoneSimulator.platform/Developer/SDKs/iPhoneSimulator26.5.sdk -Os -L/var/folders/gs/xz_1j4vj0jl68656c_36tg6r0000gn/T/quad50-native-7q4pCl/DerivedQA/Build/Intermediates.noindex/EagerLinkingTBDs/Debug-iphonesimulator -L/var/folders/gs/xz_1j4vj0jl68656c_36tg6r0000gn/T/quad50-native-7q4pCl/DerivedQA/Build/Products/Debug-iphonesimulator -F/var/folders/gs/xz_1j4vj0jl68656c_36tg6r0000gn/T/quad50-native-7q4pCl/DerivedQA/Build/Intermediates.noindex/EagerLinkingTBDs/Debug-iphonesimulator -F/var/folders/gs/xz_1j4vj0jl68656c_36tg6r0000gn/T/quad50-native-7q4pCl/DerivedQA/Build/Products/Debug-iphonesimulator -filelist /var/folders/gs/xz_1j4vj0jl68656c_36tg6r0000gn/T/quad50-native-7q4pCl/DerivedQA/Build/Intermediates.noindex/QUADTest.build/Debug-iphonesimulator/QUADTest.build/Objects-normal/arm64/QUADTest.LinkFileList -Xlinker -rpath -Xlinker /usr/lib/swift -Xlinker -dead_strip -Xlinker -object_path_lto -Xlinker /var/folders/gs/xz_1j4vj0jl68656c_36tg6r0000gn/T/quad50-native-7q4pCl/DerivedQA/Build/Intermediates.noindex/QUADTest.build/Debug-iphonesimulator/QUADTest.build/Objects-normal/arm64/QUADTest_lto.o -Xlinker -objc_abi_version -Xlinker 2 -Xlinker -dependency_info -Xlinker /var/folders/gs/xz_1j4vj0jl68656c_36tg6r0000gn/T/quad50-native-7q4pCl/DerivedQA/Build/Intermediates.noindex/QUADTest.build/Debug-iphonesimulator/QUADTest.build/Objects-normal/arm64/QUADTest_dependency_info.dat -fobjc-link-runtime -L/Applications/Xcode.app/Contents/Developer/Toolchains/XcodeDefault.xctoolchain/usr/lib/swift/iphonesimulator -L/usr/lib/swift -Xlinker -add_ast_path -Xlinker /var/folders/gs/xz_1j4vj0jl68656c_36tg6r0000gn/T/quad50-native-7q4pCl/DerivedQA/Build/Intermediates.noindex/QUADTest.build/Debug-iphonesimulator/QUADTest.build/Objects-normal/arm64/QUADTest.swiftmodule @/var/folders/gs/xz_1j4vj0jl68656c_36tg6r0000gn/T/quad50-native-7q4pCl/DerivedQA/Build/Intermediates.noindex/QUADTest.build/Debug-iphonesimulator/QUADTest.build/Objects-normal/arm64/QUADTest-linker-args.resp -o /var/folders/gs/xz_1j4vj0jl68656c_36tg6r0000gn/T/quad50-native-7q4pCl/DerivedQA/Build/Products/Debug-iphonesimulator/QUADTest.app/QUADTest

CopySwiftLibs /var/folders/gs/xz_1j4vj0jl68656c_36tg6r0000gn/T/quad50-native-7q4pCl/DerivedQA/Build/Products/Debug-iphonesimulator/QUADTest.app (in target 'QUADTest' from project 'QUADTest')
    cd /var/folders/gs/xz_1j4vj0jl68656c_36tg6r0000gn/T/quad50-native-7q4pCl/qa
    builtin-swiftStdLibTool --copy --verbose --scan-executable /var/folders/gs/xz_1j4vj0jl68656c_36tg6r0000gn/T/quad50-native-7q4pCl/DerivedQA/Build/Products/Debug-iphonesimulator/QUADTest.app/QUADTest --scan-folder /var/folders/gs/xz_1j4vj0jl68656c_36tg6r0000gn/T/quad50-native-7q4pCl/DerivedQA/Build/Products/Debug-iphonesimulator/QUADTest.app/Frameworks --scan-folder /var/folders/gs/xz_1j4vj0jl68656c_36tg6r0000gn/T/quad50-native-7q4pCl/DerivedQA/Build/Products/Debug-iphonesimulator/QUADTest.app/PlugIns --scan-folder /var/folders/gs/xz_1j4vj0jl68656c_36tg6r0000gn/T/quad50-native-7q4pCl/DerivedQA/Build/Products/Debug-iphonesimulator/QUADTest.app/SystemExtensions --scan-folder /var/folders/gs/xz_1j4vj0jl68656c_36tg6r0000gn/T/quad50-native-7q4pCl/DerivedQA/Build/Products/Debug-iphonesimulator/QUADTest.app/Extensions --platform iphonesimulator --toolchain /Applications/Xcode.app/Contents/Developer/Toolchains/XcodeDefault.xctoolchain --destination /var/folders/gs/xz_1j4vj0jl68656c_36tg6r0000gn/T/quad50-native-7q4pCl/DerivedQA/Build/Products/Debug-iphonesimulator/QUADTest.app/Frameworks --strip-bitcode --strip-bitcode-tool /Applications/Xcode.app/Contents/Developer/Toolchains/XcodeDefault.xctoolchain/usr/bin/bitcode_strip --emit-dependency-info /var/folders/gs/xz_1j4vj0jl68656c_36tg6r0000gn/T/quad50-native-7q4pCl/DerivedQA/Build/Intermediates.noindex/QUADTest.build/Debug-iphonesimulator/QUADTest.build/SwiftStdLibToolInputDependencies.dep --filter-for-swift-os --back-deploy-swift-span
Ignoring --strip-bitcode because --sign was not passed

ExtractAppIntentsMetadata (in target 'QUADTest' from project 'QUADTest')
    cd /var/folders/gs/xz_1j4vj0jl68656c_36tg6r0000gn/T/quad50-native-7q4pCl/qa
    /Applications/Xcode.app/Contents/Developer/Toolchains/XcodeDefault.xctoolchain/usr/bin/appintentsmetadataprocessor --toolchain-dir /Applications/Xcode.app/Contents/Developer/Toolchains/XcodeDefault.xctoolchain --module-name QUADTest --sdk-root /Applications/Xcode.app/Contents/Developer/Platforms/iPhoneSimulator.platform/Developer/SDKs/iPhoneSimulator26.5.sdk --xcode-version 17F113 --platform-family iOS --deployment-target 16.4 --bundle-identifier dev.quad.preview.basic50qa --output /var/folders/gs/xz_1j4vj0jl68656c_36tg6r0000gn/T/quad50-native-7q4pCl/DerivedQA/Build/Products/Debug-iphonesimulator/QUADTest.app --target-triple arm64-apple-ios16.4-simulator --binary-file /var/folders/gs/xz_1j4vj0jl68656c_36tg6r0000gn/T/quad50-native-7q4pCl/DerivedQA/Build/Products/Debug-iphonesimulator/QUADTest.app/QUADTest --dependency-file /var/folders/gs/xz_1j4vj0jl68656c_36tg6r0000gn/T/quad50-native-7q4pCl/DerivedQA/Build/Intermediates.noindex/QUADTest.build/Debug-iphonesimulator/QUADTest.build/Objects-normal/arm64/QUADTest_dependency_info.dat --stringsdata-file /var/folders/gs/xz_1j4vj0jl68656c_36tg6r0000gn/T/quad50-native-7q4pCl/DerivedQA/Build/Intermediates.noindex/QUADTest.build/Debug-iphonesimulator/QUADTest.build/Objects-normal/arm64/ExtractedAppShortcutsMetadata.stringsdata --source-file-list /var/folders/gs/xz_1j4vj0jl68656c_36tg6r0000gn/T/quad50-native-7q4pCl/DerivedQA/Build/Intermediates.noindex/QUADTest.build/Debug-iphonesimulator/QUADTest.build/Objects-normal/arm64/QUADTest.SwiftFileList --metadata-file-list /var/folders/gs/xz_1j4vj0jl68656c_36tg6r0000gn/T/quad50-native-7q4pCl/DerivedQA/Build/Intermediates.noindex/QUADTest.build/Debug-iphonesimulator/QUADTest.build/QUADTest.DependencyMetadataFileList --static-metadata-file-list /var/folders/gs/xz_1j4vj0jl68656c_36tg6r0000gn/T/quad50-native-7q4pCl/DerivedQA/Build/Intermediates.noindex/QUADTest.build/Debug-iphonesimulator/QUADTest.build/QUADTest.DependencyStaticMetadataFileList --swift-const-vals-list /var/folders/gs/xz_1j4vj0jl68656c_36tg6r0000gn/T/quad50-native-7q4pCl/DerivedQA/Build/Intermediates.noindex/QUADTest.build/Debug-iphonesimulator/QUADTest.build/Objects-normal/arm64/QUADTest.SwiftConstValuesFileList --compile-time-extraction --deployment-aware-processing --validate-assistant-intents --no-app-shortcuts-localization
2026-09-13 01:37:19.138 appintentsmetadataprocessor[64125:1147048] Starting appintentsmetadataprocessor export
2026-09-13 01:37:19.140 appintentsmetadataprocessor[64125:1147048] warning: Metadata extraction skipped. No AppIntents.framework dependency found.

GenerateDSYMFile /var/folders/gs/xz_1j4vj0jl68656c_36tg6r0000gn/T/quad50-native-7q4pCl/DerivedQA/Build/Products/Debug-iphonesimulator/QUADTest.app.dSYM /var/folders/gs/xz_1j4vj0jl68656c_36tg6r0000gn/T/quad50-native-7q4pCl/DerivedQA/Build/Products/Debug-iphonesimulator/QUADTest.app/QUADTest (in target 'QUADTest' from project 'QUADTest')
    cd /var/folders/gs/xz_1j4vj0jl68656c_36tg6r0000gn/T/quad50-native-7q4pCl/qa
    /Applications/Xcode.app/Contents/Developer/Toolchains/XcodeDefault.xctoolchain/usr/bin/dsymutil /var/folders/gs/xz_1j4vj0jl68656c_36tg6r0000gn/T/quad50-native-7q4pCl/DerivedQA/Build/Products/Debug-iphonesimulator/QUADTest.app/QUADTest -o /var/folders/gs/xz_1j4vj0jl68656c_36tg6r0000gn/T/quad50-native-7q4pCl/DerivedQA/Build/Products/Debug-iphonesimulator/QUADTest.app.dSYM

AppIntentsSSUTraining (in target 'QUADTest' from project 'QUADTest')
    cd /var/folders/gs/xz_1j4vj0jl68656c_36tg6r0000gn/T/quad50-native-7q4pCl/qa
    /Applications/Xcode.app/Contents/Developer/Toolchains/XcodeDefault.xctoolchain/usr/bin/appintentsnltrainingprocessor --infoplist-path /var/folders/gs/xz_1j4vj0jl68656c_36tg6r0000gn/T/quad50-native-7q4pCl/DerivedQA/Build/Products/Debug-iphonesimulator/QUADTest.app/Info.plist --temp-dir-path /var/folders/gs/xz_1j4vj0jl68656c_36tg6r0000gn/T/quad50-native-7q4pCl/DerivedQA/Build/Intermediates.noindex/QUADTest.build/Debug-iphonesimulator/QUADTest.build/ssu --bundle-id dev.quad.preview.basic50qa --product-path /var/folders/gs/xz_1j4vj0jl68656c_36tg6r0000gn/T/quad50-native-7q4pCl/DerivedQA/Build/Products/Debug-iphonesimulator/QUADTest.app --extracted-metadata-path /var/folders/gs/xz_1j4vj0jl68656c_36tg6r0000gn/T/quad50-native-7q4pCl/DerivedQA/Build/Products/Debug-iphonesimulator/QUADTest.app/Metadata.appintents --metadata-file-list /var/folders/gs/xz_1j4vj0jl68656c_36tg6r0000gn/T/quad50-native-7q4pCl/DerivedQA/Build/Intermediates.noindex/QUADTest.build/Debug-iphonesimulator/QUADTest.build/QUADTest.DependencyMetadataFileList --source-file /var/folders/gs/xz_1j4vj0jl68656c_36tg6r0000gn/T/quad50-native-7q4pCl/DerivedQA/Build/Products/Debug-iphonesimulator/QUADTest.app/Info.plist --archive-ssu-assets
2026-09-13 01:37:19.166 appintentsnltrainingprocessor[64127:1147052] Parsing options for appintentsnltrainingprocessor
2026-09-13 01:37:19.166 appintentsnltrainingprocessor[64127:1147052] Starting AppIntents SSU YAML Generation
2026-09-13 01:37:19.166 appintentsnltrainingprocessor[64127:1147052] No AppShortcuts found - Skipping.

RegisterExecutionPolicyException /var/folders/gs/xz_1j4vj0jl68656c_36tg6r0000gn/T/quad50-native-7q4pCl/DerivedQA/Build/Products/Debug-iphonesimulator/QUADTest.app (in target 'QUADTest' from project 'QUADTest')
    cd /var/folders/gs/xz_1j4vj0jl68656c_36tg6r0000gn/T/quad50-native-7q4pCl/qa
    builtin-RegisterExecutionPolicyException /var/folders/gs/xz_1j4vj0jl68656c_36tg6r0000gn/T/quad50-native-7q4pCl/DerivedQA/Build/Products/Debug-iphonesimulator/QUADTest.app

Validate /var/folders/gs/xz_1j4vj0jl68656c_36tg6r0000gn/T/quad50-native-7q4pCl/DerivedQA/Build/Products/Debug-iphonesimulator/QUADTest.app (in target 'QUADTest' from project 'QUADTest')
    cd /var/folders/gs/xz_1j4vj0jl68656c_36tg6r0000gn/T/quad50-native-7q4pCl/qa
    builtin-validationUtility /var/folders/gs/xz_1j4vj0jl68656c_36tg6r0000gn/T/quad50-native-7q4pCl/DerivedQA/Build/Products/Debug-iphonesimulator/QUADTest.app -shallow-bundle -infoplist-subpath Info.plist

Touch /var/folders/gs/xz_1j4vj0jl68656c_36tg6r0000gn/T/quad50-native-7q4pCl/DerivedQA/Build/Products/Debug-iphonesimulator/QUADTest.app (in target 'QUADTest' from project 'QUADTest')
    cd /var/folders/gs/xz_1j4vj0jl68656c_36tg6r0000gn/T/quad50-native-7q4pCl/qa
    /usr/bin/touch -c /var/folders/gs/xz_1j4vj0jl68656c_36tg6r0000gn/T/quad50-native-7q4pCl/DerivedQA/Build/Products/Debug-iphonesimulator/QUADTest.app

** BUILD SUCCEEDED **

BUILT=/var/folders/gs/xz_1j4vj0jl68656c_36tg6r0000gn/T/quad50-native-7q4pCl
